Strain,Diet,Body Weight (g),Skin Wet weight (g),Skin Dry Weight (g),Skin relative water,Skin Ash weight (g),Cl- (mg/kg),K+ (mg/kg),Na+ (mg/kg),Total  Cl- in skin (mg),Total K+ in skin (mg),Total Na+ in skin (mg),Total  Cl- in skin (mmol),Total K+ in skin (mmol),Total Na+ in skin (mmol),rSkin Cl- (mmol /g DW),rSkin K+ (mmol /g DW),rSkin Na+ (mmol /g DW),Skin Na+/Skin W,Skin K+/Skin W,Skin (Na + K)/Skin W,%W
BXH3,Sůl,286.600,58.010,23.637,0.593,0.532,142000.000,78000.000,143000.000,75.493,41.468,76.024,2.129,1.061,3.307,0.090,0.045,0.140,0.09620508252,0.0308555932,0.1270606757,59.25376561
BXH3,Sůl,308.400,61.603,23.115,0.625,0.597,145000.000,156000.000,137000.000,86.553,93.119,81.778,2.441,2.382,3.557,0.106,0.103,0.154,0.09242086944,0.06188015594,0.1543010254,62.47777021
BXH3,Sůl,306.600,58.917,23.711,0.598,0.493,116000.000,169000.000,142000.000,57.211,83.351,70.035,1.614,2.132,3.046,0.068,0.090,0.128,0.08653022367,0.06055409322,0.1470843169,59.75456099
BXH3,Voda,286.200,55.440,23.313,0.579,0.471,143000.000,164000.000,143000.000,67.371,77.265,67.371,1.900,1.976,2.930,0.082,0.085,0.126,0.09121438534,0.06151038779,0.1527247731,57.94982158
BXH3,Voda,264.000,55.173,22.831,0.586,0.462,85100.000,153000.000,111000.000,39.286,70.632,51.243,1.108,1.807,2.229,0.049,0.079,0.098,0.06891767703,0.05585684494,0.124774522,58.61876188
BXH3,Voda,285.300,58.000,24.172,0.583,0.459,89000.000,172000.000,130000.000,40.885,79.015,59.720,1.153,2.021,2.598,0.048,0.084,0.107,0.0767909053,0.05974096049,0.1365318658,58.3245625
HXB13,Sůl,331.700,57.489,22.544,0.608,0.553,138000.000,184000.000,119000.000,76.345,101.793,65.834,2.153,2.604,2.864,0.096,0.115,0.127,0.08194607047,0.07450343783,0.1564495083,60.78509696
HXB13,Sůl,347.700,60.861,23.562,0.613,0.588,145000.000,180000.000,120000.000,85.322,105.917,70.611,2.407,2.709,3.071,0.102,0.115,0.130,0.08234570021,0.07262890632,0.1549746065,61.2857264
HXB13,Sůl,379.900,68.081,25.598,0.624,0.626,133000.000,183000.000,123000.000,83.271,114.576,77.010,2.349,2.930,3.350,0.092,0.114,0.131,0.07884917776,0.06897956729,0.147828745,62.40053862
HXB13,Voda,377.900,68.378,26.688,0.610,0.625,140000.000,179000.000,126000.000,87.495,111.869,78.746,2.468,2.861,3.425,0.092,0.107,0.128,0.08215987462,0.06863088074,0.1507907554,60.97016625
HXB13,Voda,380.000,65.573,24.511,0.626,0.646,150000.000,168000.000,126000.000,96.940,108.573,81.430,2.734,2.777,3.542,0.112,0.113,0.145,0.08625970835,0.06762761017,0.1538873185,62.62001653
HXB13,Voda,350.000,60.667,23.052,0.620,0.602,145000.000,174000.000,122000.000,87.221,104.666,73.386,2.460,2.677,3.192,0.107,0.116,0.138,0.0848638351,0.07116875857,0.1560325937,62.00188372
BXH12,Sůl,238.000,39.660,16.145,0.593,0.373,150000.000,182000.000,137000.000,55.995,67.941,51.142,1.579,1.738,2.225,0.098,0.108,0.138,0.09460274714,0.07389786432,0.1685006115,59.29044542
BXH12,Sůl,246.500,41.940,16.364,0.610,0.460,123000.000,159000.000,118000.000,56.637,73.213,54.334,1.598,1.873,2.363,0.098,0.114,0.144,0.09240594169,0.07321369619,0.1656196379,60.98263742
BXH12,Sůl,237.200,38.947,15.463,0.603,0.367,141000.000,183000.000,142000.000,51.682,67.077,52.049,1.458,1.716,2.264,0.094,0.111,0.146,0.09640540299,0.07305356904,0.169458972,60.29788859
BXH12,Voda,243.600,41.792,16.570,0.604,0.414,93300.000,158000.000,114000.000,38.661,65.471,47.238,1.090,1.675,2.055,0.066,0.101,0.124,0.08146381088,0.06638871714,0.147852528,60.35270076
BXH12,Voda,255.800,44.483,17.219,0.613,0.460,99600.000,162000.000,122000.000,45.845,74.567,56.155,1.293,1.907,2.443,0.075,0.111,0.142,0.08958943586,0.06995025536,0.1595396912,61.29191206
BXH12,Voda,244.800,42.833,16.561,0.613,0.469,102000.000,155000.000,113000.000,47.801,72.639,52.956,1.348,1.858,2.303,0.081,0.112,0.139,0.08767442813,0.07071369239,0.1583881205,61.33722344
HXB10,Sůl,239.300,41.094,16.877,0.589,0.418,131000.000,170000.000,130000.000,54.751,71.051,54.333,1.544,1.817,2.363,0.092,0.108,0.140,0.09759521986,0.07504321544,0.1726384353,58.92916022
HXB10,Sůl,233.000,39.562,16.780,0.576,0.362,148000.000,180000.000,140000.000,53.636,65.233,50.737,1.513,1.668,2.207,0.090,0.099,0.132,0.0968682929,0.07323242816,0.1701007211,57.5868133
HXB10,Sůl,240.800,40.402,17.272,0.573,0.372,140000.000,173000.000,130000.000,52.040,64.306,48.323,1.468,1.645,2.102,0.085,0.095,0.122,0.09087424096,0.07110839328,0.1619826342,57.25022677
HXB10,Voda,227.900,38.862,16.580,0.573,0.338,98500.000,173000.000,129000.000,33.266,58.426,43.566,0.938,1.494,1.895,0.057,0.090,0.114,0.08504657597,0.06706416856,0.1521107445,57.33715894
HXB10,Voda,228.800,42.157,17.566,0.583,0.402,134000.000,179000.000,130000.000,53.810,71.880,52.203,1.518,1.838,2.271,0.086,0.105,0.129,0.09234116991,0.07476225112,0.167103421,58.33103552
HXB10,Voda,221.300,38.340,15.775,0.589,0.336,131000.000,130000.000,143000.000,44.079,43.742,48.116,1.243,1.119,2.093,0.079,0.071,0.133,0.09275207175,0.04958019749,0.1423322692,58.85527392
HXB17,Sůl,280.100,48.960,19.204,0.608,0.449,157000.000,194000.000,133000.000,70.427,87.024,59.661,1.987,2.226,2.595,0.103,0.116,0.135,0.087212666,0.07480092529,0.1620135913,60.7767692
HXB17,Sůl,296.600,51.281,19.834,0.613,0.458,166000.000,183000.000,137000.000,76.002,83.785,62.724,2.144,2.143,2.728,0.108,0.108,0.138,0.08675906226,0.06814322608,0.1549022883,61.32337723
HXB17,Sůl,289.900,48.643,19.540,0.598,0.451,152000.000,176000.000,132000.000,68.484,79.297,59.473,1.932,2.028,2.587,0.099,0.104,0.132,0.08888805403,0.06968823315,0.1585762872,59.83011781
HXB17,Voda,278.000,50.789,20.218,0.602,0.446,135000.000,179000.000,132000.000,60.154,79.760,58.817,1.697,2.040,2.558,0.084,0.101,0.127,0.08368643013,0.06672851508,0.1504149452,60.19239106
HXB17,Voda,271.700,49.346,18.871,0.618,0.580,90300.000,134000.000,97000.000,52.369,77.713,56.255,1.477,1.988,2.447,0.078,0.105,0.130,0.08029193479,0.06522022697,0.1455121618,61.75891398
HXB17,Voda,289.700,51.737,20.882,0.596,0.476,158000.000,181000.000,130000.000,75.177,86.120,61.854,2.120,2.203,2.691,0.102,0.105,0.129,0.08719899002,0.0713877996,0.1585867896,59.63821253
HXB1,Sůl,297.700,59.157,23.771,0.598,0.502,152000.000,167000.000,141000.000,76.243,83.767,70.726,2.151,2.142,3.076,0.090,0.090,0.129,0.08693881619,0.06054641026,0.1474852265,59.81704635
HXB1,Sůl,321.800,63.260,24.743,0.609,0.539,152000.000,177000.000,144000.000,81.881,95.348,77.571,2.310,2.439,3.374,0.093,0.099,0.136,0.08760345953,0.06331539928,0.1509188588,60.88594121
HXB1,Sůl,281.800,52.896,19.973,0.622,0.482,107000.000,157000.000,131000.000,51.527,75.606,63.085,1.453,1.934,2.744,0.073,0.097,0.137,0.08334715349,0.05873492892,0.1420820824,62.24059792
HXB1,Voda,320.300,63.574,25.039,0.606,0.557,132000.000,164000.000,128000.000,73.486,91.300,71.259,2.073,2.335,3.100,0.083,0.093,0.124,0.0804360338,0.06059849591,0.1410345297,60.61415894
HXB1,Voda,326.200,62.833,27.141,0.568,0.535,127000.000,152000.000,123000.000,67.897,81.262,65.758,1.915,2.078,2.860,0.071,0.077,0.105,0.08013816392,0.05823112532,0.1383692892,56.80521462
HXB1,Voda,307.100,59.360,23.678,0.601,0.471,133000.000,162000.000,141000.000,62.699,76.371,66.471,1.769,1.953,2.891,0.075,0.082,0.122,0.08102980313,0.0547416652,0.1357714683,60.11135935
HXB3,Sůl,253.400,47.763,20.229,0.576,0.435,131000.000,172000.000,124000.000,57.046,74.901,53.998,1.609,1.916,2.349,0.080,0.095,0.116,0.0853050099,0.06957586557,0.1548808755,57.6466205
HXB3,Sůl,247.800,44.544,18.502,0.585,0.508,87200.000,147000.000,99400.000,44.324,74.720,50.525,1.250,1.911,2.198,0.068,0.103,0.119,0.08439204123,0.07338541598,0.1577774572,58.46313115
HXB3,Sůl,301.100,56.737,23.392,0.588,0.604,111000.000,148000.000,103000.000,67.041,89.389,62.210,1.891,2.286,2.706,0.081,0.098,0.116,0.08115186661,0.06856465939,0.149716526,58.77052754
HXB3,Voda,273.200,53.973,22.316,0.587,0.494,126000.000,176000.000,124000.000,62.200,86.883,61.213,1.754,2.222,2.663,0.079,0.100,0.119,0.08410773642,0.0701946877,0.1543024241,58.65329072
HXB3,Voda,263.800,50.735,20.620,0.594,0.635,71400.000,118000.000,83100.000,45.328,74.912,52.756,1.279,1.916,2.295,0.062,0.093,0.111,0.07619971669,0.06362263599,0.1398223527,59.35723165
HXB3,Voda,285.700,54.598,23.222,0.575,0.501,135000.000,180000.000,126000.000,67.672,90.230,63.161,1.909,2.308,2.747,0.082,0.099,0.118,0.08756304474,0.0735529563,0.161116001,57.46658372
HXB18,Sůl,297.900,49.295,18.645,0.622,0.630,112000.000,143000.000,98600.000,70.517,90.035,62.080,1.989,2.303,2.700,0.107,0.124,0.145,0.088102499,0.07513195129,0.1632344503,62.1767625
HXB18,Sůl,313.100,55.419,21.245,0.617,0.616,130000.000,157000.000,110000.000,80.099,96.735,67.776,2.259,2.474,2.948,0.106,0.116,0.139,0.08626715351,0.07239853096,0.1586656845,61.66453218
HXB18,Sůl,326.300,57.055,21.663,0.620,0.572,146000.000,164000.000,123000.000,83.513,93.809,70.357,2.356,2.399,3.060,0.109,0.111,0.141,0.08647162942,0.06779375629,0.1542653857,62.03072595
HXB18,Voda,367.500,64.018,24.279,0.621,0.703,144000.000,145000.000,109000.000,101.187,101.889,76.593,2.854,2.606,3.332,0.118,0.107,0.137,0.08383536486,0.06557617508,0.1494115399,62.07555042
HXB18,Voda,346.100,62.279,23.835,0.617,0.583,160000.000,180000.000,128000.000,93.327,104.992,74.661,2.632,2.685,3.248,0.110,0.113,0.136,0.08447401107,0.06984944669,0.1543234578,61.72943508
HXB18,Voda,340.800,61.317,23.699,0.614,0.666,103000.000,150000.000,99200.000,68.594,99.894,66.063,1.935,2.555,2.874,0.082,0.108,0.121,0.07638776886,0.06791734976,0.1443051186,61.35067923
HXB20,Sůl,310.500,52.552,23.045,0.561,0.528,110000.000,152000.000,99800.000,58.072,80.245,52.687,1.638,2.052,2.292,0.071,0.089,0.099,0.07766812825,0.06955577665,0.1472239049,56.14838697
HXB20,Sůl,310.200,52.517,22.216,0.577,0.652,87700.000,113000.000,77100.000,57.170,73.663,50.260,1.613,1.884,2.186,0.073,0.085,0.098,0.07214748275,0.06217596966,0.1343234524,57.69864303
HXB20,Sůl,313.200,56.865,24.147,0.575,0.638,113000.000,140000.000,94200.000,72.112,89.343,60.115,2.034,2.285,2.615,0.084,0.095,0.108,0.07991935612,0.06984035331,0.1497597094,57.53696391
HXB20,Voda,307.300,53.023,21.545,0.594,0.539,89200.000,155000.000,110000.000,48.115,83.608,59.335,1.357,2.138,2.581,0.063,0.099,0.120,0.08199087101,0.06793316231,0.1499240333,59.36632433
HXB20,Voda,309.700,55.072,23.219,0.578,0.808,85100.000,107000.000,72800.000,68.774,86.472,58.833,1.940,2.212,2.559,0.084,0.095,0.110,0.08034037995,0.06943262716,0.1497730071,57.83949923
HXB20,Voda,320.800,59.625,25.881,0.566,0.561,143000.000,169000.000,122000.000,80.245,94.835,68.461,2.263,2.426,2.978,0.087,0.094,0.115,0.08824837429,0.07188046965,0.1601288439,56.59398431
BXH8,Sůl,265.900,46.477,19.397,0.583,0.458,269000.000,326000.000,234000.000,123.164,149.261,107.139,3.474,3.818,4.660,0.179,0.197,0.240,0.1720885433,0.1409714022,0.3130599455,58.26645627
BXH8,Sůl,295.400,53.819,21.884,0.593,0.585,143000.000,203000.000,146000.000,83.587,118.658,85.340,2.358,3.035,3.712,0.108,0.139,0.170,0.1162367744,0.09503072671,0.2112675011,59.33835685
BXH8,Sůl,287.200,52.600,21.691,0.588,0.472,118000.000,138000.000,99900.000,55.744,65.193,47.194,1.572,1.667,2.053,0.072,0.077,0.095,0.06641354865,0.05394455354,0.1203581022,58.76290668
BXH8,Voda,277.600,49.846,20.394,0.591,0.464,148000.000,170000.000,120000.000,68.598,78.795,55.620,1.935,2.015,2.419,0.095,0.099,0.119,0.08214631589,0.06842787995,0.1505741958,59.0855901
BXH8,Voda,263.800,46.608,19.780,0.576,0.753,86700.000,96700.000,67600.000,65.307,72.840,50.920,1.842,1.863,2.215,0.093,0.094,0.112,0.08255857186,0.06944152797,0.1520000998,57.56144514
BXH8,Voda,258.600,46.099,18.594,0.597,0.550,125000.000,143000.000,99500.000,68.692,78.584,54.679,1.938,2.010,2.378,0.104,0.108,0.128,0.08647202309,0.07307450717,0.1595465303,59.6648673
HXB2,Sůl,327.100,67.304,28.086,0.583,0.572,137000.000,179000.000,127000.000,78.402,102.438,72.679,2.211,2.620,3.161,0.079,0.093,0.113,0.08060959762,0.06680567891,0.1474152765,58.27050722
HXB2,Sůl,315.500,64.922,27.332,0.579,0.573,117000.000,178000.000,121000.000,66.989,101.915,69.280,1.890,2.607,3.013,0.069,0.095,0.110,0.08016732739,0.06934407445,0.1495114018,57.90039125
HXB2,Sůl,315.800,61.910,26.025,0.580,0.737,108000.000,132000.000,88800.000,79.559,97.239,65.415,2.244,2.487,2.845,0.086,0.096,0.109,0.07929287591,0.06930625844,0.1485991343,57.96290945
HXB2,Voda,286.700,58.848,24.125,0.590,0.545,129000.000,173000.000,132000.000,70.247,94.208,71.881,1.981,2.410,3.127,0.082,0.100,0.130,0.09004679124,0.06939333055,0.1594401218,59.00383813
HXB2,Voda,307.900,60.479,24.774,0.590,0.523,129000.000,178000.000,142000.000,67.434,93.049,74.230,1.902,2.380,3.229,0.077,0.096,0.130,0.09043125172,0.06665419975,0.1570854515,59.03701413
HXB2,Voda,335.500,67.357,27.491,0.592,0.606,149000.000,169000.000,135000.000,90.338,102.463,81.849,2.548,2.621,3.560,0.093,0.095,0.130,0.08930648402,0.06573750945,0.1550439935,59.18572156
HXB15,Sůl,301.400,51.153,21.259,0.584,0.506,127000.000,162000.000,123000.000,64.235,81.937,62.211,1.812,2.096,2.706,0.085,0.099,0.127,0.09052197115,0.07010374581,0.160625717,58.43972774
HXB15,Sůl,289.500,50.210,21.826,0.565,0.632,105000.000,128000.000,91800.000,66.329,80.858,57.990,1.871,2.068,2.522,0.086,0.095,0.116,0.08886799036,0.0728601341,0.1617281245,56.53104018
HXB15,Sůl,295.500,51.027,21.090,0.587,0.478,119000.000,168000.000,125000.000,56.850,80.258,59.716,1.604,2.053,2.597,0.076,0.097,0.123,0.08676373222,0.068566947,0.1553306792,58.66986318
HXB15,Voda,260.200,44.370,19.227,0.567,0.382,131000.000,187000.000,134000.000,50.058,71.456,51.204,1.412,1.828,2.227,0.073,0.095,0.116,0.08858458166,0.0726895977,0.1612741794,56.66619606
HXB15,Voda,276.600,47.405,20.183,0.574,0.449,129000.000,169000.000,125000.000,57.985,75.965,56.187,1.636,1.943,2.444,0.081,0.096,0.121,0.08978207003,0.07137458966,0.1611566597,57.42407691
HXB15,Voda,269.500,46.020,19.125,0.584,0.457,127000.000,172000.000,122000.000,58.038,78.602,55.753,1.637,2.010,2.425,0.086,0.105,0.127,0.09016739623,0.07474729202,0.1649146882,58.44291285
HXB21,Sůl,272.1,48.27055371,19.823,0.589,0.418001109,124000,153000,106000,51.83213752,63.95416968,44.30811756,1.462008183,1.635727632,1.927294607,0.07375350104,0.08251707548,0.09722566975,0.06774904537,0.05749976426,0.1252488096,58.93355581
HXB21,Sůl,314.3,54.17163319,23.59114416,0.565,0.9094569228,83600,84300,54300,76.03059875,76.66721859,49.38351091,2.144564412,1.960883685,2.148061789,0.09090548546,0.08311948213,0.091053735,0.07024288547,0.06412205127,0.1343649367,56.45111146
HXB21,Sůl,303.4,57.35572285,24.09758857,0.58,0.629366782,118000,133000,89900,74.26528028,83.70578201,56.5800737,2.094770787,2.140905922,2.461094646,0.08692864769,0.08884316021,0.1021303289,0.0739997808,0.06437239997,0.1383721808,57.98572946
HXB21,Voda,289.6,52.79742375,22.85432148,0.567,0.776694745,90400,94800,65800,70.21320495,73.63066182,51.10651422,1.980475533,1.88321901,2.223008213,0.08665650104,0.08240100287,0.09726861569,0.07424107874,0.06289324978,0.1371343285,56.71318814
HXB21,Voda,279.6,48.30706388,20.13777389,0.583,0.7792334713,92300,91500,60000,71.9232494,71.29986262,46.75400828,2.028710067,1.823605186,2.033684864,0.1007415258,0.0905564436,0.1009885638,0.07219510554,0.06473735001,0.1369324556,58.31298309
HXB21,Voda,293.3,51.88148703,21.79571466,0.58,0.7481612923,88600,91600,64300,66.2870905,68.53157438,48.1067711,1.869733208,1.752801896,2.092526733,0.08578444146,0.08041956522,0.09600633732,0.06955203635,0.05826015947,0.1278121958,57.98941799
HXB22 ,Sůl,291.6,53.34679046,22.13223627,0.585,0.5740900944,98200,152000,96500,56.37564727,87.26169435,55.39969411,1.590165129,2.231853926,2.409751025,0.07184837129,0.1008417721,0.10887969,0.07719959767,0.07150042613,0.1487000238,58.51252516
HXB22 ,Sůl,300.2,55.82721138,23.74318938,0.575,0.5798382154,135000,150000,102000,78.27815908,86.97573231,59.14349797,2.20796044,2.224540001,2.572597325,0.09299342243,0.09369170945,0.1083509584,0.08018313056,0.06933482345,0.149517954,57.47022143
HXB22 ,Sůl,314.3,60.55276844,24.73697712,0.591,0.7151096175,118000,138000,89400,84.38293487,98.68512722,63.93079981,2.380155386,2.524026037,2.780833231,0.09621852239,0.1020345382,0.112416049,0.07764265783,0.07047243531,0.1481150931,59.14806581
HXB22 ,Voda,291.3,53.12322513,21.60443139,0.593,0.5227050267,114000,161000,103000,59.58837305,84.15550931,53.83861775,1.680785188,2.152408399,2.341848026,0.07779816826,0.09962809759,0.1083966518,0.07430005239,0.06828968192,0.1425897343,59.33147632
HXB22 ,Voda,307.3,57.8631525,23.86129965,0.588,0.5022989049,111000,170000,105000,55.75517844,85.39081382,52.74138501,1.572663815,2.184003239,2.294121089,0.06590855646,0.09152909819,0.09614401238,0.06747047282,0.06423188901,0.1317023618,58.76253087
HXB22 ,Voda,296.9,55.34364752,22.62239091,0.591,0.4806966898,149000,176000,118000,71.62380678,84.60261741,56.7222094,2.02026381,2.163843886,2.467277201,0.08930372647,0.09565053907,0.1090635031,0.07540288658,0.0661296084,0.141532495,59.12378037
BXH6,Sůl,209.4,36.39956269,14.10317934,0.613,0.4328039349,93100,143000,90100,40.29404633,61.89096268,38.99563453,1.136557902,1.582957895,1.696214605,0.08058877186,0.1122412087,0.1202717887,0.07607577329,0.07099617325,0.1470719465,61.25453633
BXH6,Sůl,246.4,41.78730198,16.28381313,0.61,0.4457538625,93600,143000,88700,41.72256153,63.74280234,39.53836761,1.176851454,1.630321583,1.719822165,0.07227124535,0.1001191533,0.1056154447,0.0674347802,0.06392543359,0.1313602138,61.03167145
BXH6,Sůl,267.3,48.68745187,18.47730517,0.62,0.8059686671,95400,101000,64300,76.88941084,81.40283537,51.82378529,2.168788579,2.08200447,2.254207748,0.1173758055,0.1126790109,0.1219987291,0.07461757042,0.06891739028,0.1435349607,62.04914313
BXH6,Voda,243.3,45.78250058,18.70444912,0.591,0.6020654119,109000,112000,73800,65.6251299,67.43132613,44.4324274,1.851061552,1.724661331,1.932701781,0.09896370325,0.09220594096,0.1033284524,0.07137521633,0.06369222446,0.1350674408,59.14498141
BXH6,Voda,211.7,40.05883469,16.05506033,0.599,0.3930156072,122000,154000,99000,47.94790407,60.5244035,38.90854511,1.352447178,1.548006013,1.692426429,0.08423806266,0.09641857341,0.105413894,0.07050667963,0.06449010851,0.1349967881,59.92129962
BXH6,Voda,219.6,42.00341681,16.39241198,0.61,0.3946242184,87800,151000,98300,34.64800637,59.58825698,38.79156067,0.9773023317,1.524062606,1.687337892,0.05961919046,0.09297366415,0.1029340828,0.06588331474,0.05950811442,0.1253914292,60.97362257
BXH13,Sůl,235.6,41.2730299,17.6101955,0.573,0.445423074,112000,137000,92200,49.88738428,61.02296113,41.06800742,1.407153314,1.560757402,1.786357751,0.07990560431,0.0886280565,0.101438837,0.07549212915,0.06595817625,0.1414503054,57.33243829
BXH13,Sůl,281.4,51.54186359,21.37609838,0.585,0.4674435936,129000,165000,106000,60.30022358,77.12819295,49.54902092,1.700864069,1.972673823,2.155261069,0.07956849931,0.09228409172,0.1008257462,0.07144725333,0.06539445658,0.1368417099,58.52672587
BXH13,Sůl,250.3,48.32188903,20.9582765,0.566,0.6371299038,96600,109000,69900,61.54674871,69.44715951,44.53538028,1.7360243,1.776219414,1.937179979,0.08283239798,0.08475026149,0.09243030927,0.07079401437,0.06491172948,0.1357057439,56.627779
BXH13,Voda,245.4,44.86532431,19.39119672,0.568,0.5341110037,107000,130000,79800,57.1498774,69.43443049,42.6220581,1.612003526,1.775893849,1.85395515,0.08313068807,0.09158247812,0.09560808322,0.07277796434,0.06971362778,0.1424915921,56.77910053
BXH13,Voda,258.5,48.39081809,22.07115954,0.544,0.4164570175,103000,172000,108000,42.89507281,71.63060702,44.97735789,1.209924006,1.832064489,1.956404923,0.05481923158,0.08300716987,0.0886407857,0.07433245834,0.06960821644,0.1439406748,54.38977804
BXH13,Voda,271.4,54.39582468,23.07164026,0.576,0.6044924855,116000,130000,84600,70.12112832,78.58402312,51.14006428,1.977878365,2.00990895,2.224467558,0.08572768745,0.08711599729,0.09641566587,0.07101438073,0.06416476558,0.1351791463,57.58564119
BXH2 ,Sůl,275.5,48.46500075,19.14195267,0.605,0.4373231135,99000,177000,118000,43.29498823,77.40619108,51.60412739,1.221204259,1.979784059,2.244653167,0.06379726667,0.1034264421,0.1172635418,0.07654910777,0.06751631188,0.1440654196,60.50355437
BXH2 ,Sůl,264.5,49.05900541,18.944964,0.614,0.4499666053,141000,171000,124000,63.44529135,76.94428951,55.79585906,1.789575726,1.967970206,2.42698323,0.09446181717,0.1038782763,0.1281070383,0.08059307608,0.06535058445,0.1459436605,61.38331006
BXH2 ,Sůl,271.1,46.52723793,17.57147968,0.622,0.6750842906,73700,106000,72700,49.75371222,71.5589348,49.07862793,1.40338288,1.83023136,2.134800126,0.07986708606,0.1041592054,0.1214923367,0.07372627257,0.0632078547,0.1369341273,62.23399355
BXH2 ,Voda,273.4,46.92353773,18.8314561,0.599,0.5420647395,68200,141000,90000,36.96881523,76.43112826,48.78582655,1.04276445,1.954845307,2.122063983,0.05537354335,0.1038074431,0.1126871959,0.07553957768,0.06958705775,0.1451266354,59.86778277
BXH2 ,Voda,244.5,41.42313473,15.74444381,0.62,0.5648802337,98800,123000,82600,55.81016709,69.48026874,46.6591073,1.574214858,1.777066234,2.029556904,0.09998542198,0.1128694196,0.1289062306,0.07903661871,0.0692039263,0.148240545,61.9911822
BXH2 ,Voda,229.4,39.60199031,14.96760601,0.622,0.6540949118,72800,103000,70100,47.61810958,67.37177592,45.85205332,1.343144798,1.723138242,1.994452032,0.08973678205,0.1151245056,0.1332512381,0.08096212217,0.06994850045,0.1509106226,62.20491473
HXB23 ,Sůl,356.6,67.10533389,26.30101029,0.608,0.8521544024,92900,107000,84100,79.16514398,91.18052106,71.66618524,2.232979265,2.332084031,3.117303554,0.08490089315,0.08866899045,0.1185240992,0.07639640311,0.05715286581,0.1335492689,60.80637891
HXB23 ,Sůl,317.3,59.85342557,23.91895831,0.6,0.6817829967,120000,128000,95800,81.81395961,87.26822358,65.31481109,2.307693338,2.232020921,2.841034332,0.09647967557,0.09331597521,0.1187775109,0.07906154033,0.06211364997,0.1411751903,60.03744466
HXB23 ,Sůl,319.3,57.43897737,22.33126775,0.611,0.7370407898,118000,123000,90300,86.97081319,90.65601714,66.55478332,2.453150626,2.318669025,2.894970087,0.1098527255,0.1038306043,0.1296375163,0.08245966823,0.0660444401,0.1485041083,61.12175255
HXB23 ,Voda,325,63.52258951,25.41969834,0.6,1.149881489,76400,80800,55600,87.85094578,92.91042433,63.9334108,2.477976171,2.376329005,2.780946803,0.0974825168,0.09348376102,0.1094012512,0.07298519135,0.06236610746,0.1353512988,59.98321457
HXB23 ,Voda,314.7,59.51858018,24.2447772,0.593,0.7377416575,81100,112000,77900,59.83084842,82.62706564,57.47007512,1.687624593,2.113316068,2.499807528,0.06960775838,0.08716582755,0.103107053,0.07086867071,0.05991177275,0.1307804435,59.26519563
HXB23 ,Voda,335.6,64.74447676,26.5777487,0.589,0.8096263921,116000,121000,84700,93.91666149,97.96479345,68.57535541,2.649069365,2.505602378,2.982860025,0.09967245138,0.0942744401,0.1122314783,0.07815341207,0.065648865,0.1438022771,58.94978224
HXB25 ,Sůl,237.7,38.61131754,16.21306422,0.58,0.4072991274,83500,146000,95500,34.00947714,59.4656726,38.89706667,0.9592915953,1.520927319,1.691927145,0.05916781568,0.09380875192,0.1043557912,0.07553835204,0.06790383595,0.143442188,58.00955458
HXB25 ,Sůl,243.4,41.25791257,17.63319008,0.573,0.3817652188,140000,190000,126000,53.44713063,72.53539157,48.10241756,1.507561642,1.855205765,2.092337365,0.08549568374,0.1052110116,0.1186590377,0.08856558488,0.07852815056,0.1670937354,57.26107072
HXB25 ,Sůl,270.7,41.64732507,16.9373885,0.593,0.3578321515,140000,184000,132000,50.09650121,65.84111587,47.233844,1.41305179,1.683989224,2.054556542,0.08342796117,0.09942437251,0.1213030298,0.08314697759,0.06815028518,0.1512972628,59.33138929
HXB25 ,Voda,235.7,37.28777046,15.65829719,0.58,0.3250783545,130000,192000,119000,42.26018608,62.41504406,38.68432418,1.192016012,1.596362094,1.682673367,0.07612679707,0.1019499167,0.1074620917,0.0777953927,0.07380494539,0.1516003381,58.00688271
HXB25 ,Voda,203.1,32.42208342,13.88148847,0.572,0.2691880328,123000,189000,129000,33.11012803,50.87653819,34.72525623,0.9339240179,1.301246811,1.510463607,0.06727837722,0.09373971772,0.1088113576,0.08146791466,0.07018365996,0.1516515746,57.18508186
HXB25 ,Voda,258.1,40.53137295,16.77749676,0.586,0.639894077,,,,,56.69461522,36.40997298,,1.450053205,1.58374466,,0.08642845985,0.09439695818,0.06667310409,0.06104490877,0.1277180129,58.60614744
HXB27 ,Sůl,283.3,49.70550058,21.38194717,0.57,0.3878471151,103000,175000,133000,39.94825285,67.87324514,51.58366631,1.126804245,1.735964099,2.243763161,0.05269886021,0.08118830738,0.1049372699,0.07921898527,0.06129047701,0.1405094623,56.98273446
HXB27 ,Sůl,274.7,46.87679128,19.01145855,0.594,0.4188584152,160000,174000,124000,67.01734643,72.88136424,51.93844348,1.890331242,1.864054556,2.259195099,0.0994311529,0.09804900296,0.118833339,0.08107547543,0.06689511208,0.1479705875,59.44377157
HXB27 ,Sůl,289.3,48.48427538,19.04518854,0.607,0.4657420948,104000,144000,108000,48.43717786,67.06686165,50.30014624,1.366247926,1.715339584,2.187933181,0.07173716993,0.09006682084,0.114881151,0.07432068776,0.05826741819,0.1325881059,60.71883432
HXB27 ,Voda,281.8,49.15166278,20.76811447,0.577,0.5460002582,113000,119000,92700,61.69802918,64.97403073,50.61422394,1.740291407,1.661812169,2.201594791,0.08379631235,0.08001747926,0.1060084099,0.07756587611,0.05854842922,0.1361143053,57.74687305
HXB27 ,Voda,279.5,45.65788873,18.99554187,0.584,0.5329921201,111000,117000,82600,59.16212533,62.36007805,44.02514912,1.668762191,1.594956253,1.914986173,0.08785020202,0.08396476727,0.1008124004,0.07182361641,0.05982054999,0.1316441664,58.39592587
HXB27 ,Voda,312.2,55.57625612,22.9703931,0.587,0.6402097758,111000,111000,89200,71.06328511,71.06328511,57.106712,2.004453402,1.817554347,2.484002123,0.08726247711,0.07912595745,0.1081392953,0.07618268287,0.05574317555,0.1319258584,58.6686929
HXB4 ,Sůl,253,40.40624998,16.66075147,0.588,0.358031416,146000,189000,123000,52.27258673,67.66793762,44.03786416,1.474431756,1.730713039,1.915539246,0.08849731411,0.1038796504,0.1149731601,0.08066957388,0.07288594251,0.1535555164,58.76689502
HXB4 ,Sůl,242.7,38.28681521,15.73437988,0.589,0.3597333917,79200,162000,112000,28.49088462,58.27680946,40.29013987,0.8036308835,1.49052029,1.752522417,0.05107483675,0.0947301579,0.1113817279,0.07770878806,0.0660913231,0.1438001112,58.90392087
HXB4 ,Sůl,234.4,36.34963623,15.53865508,0.573,0.3278731073,84800,167000,135000,27.8036395,54.75480892,44.26286949,0.7842460377,1.400439634,1.925326427,0.05047065102,0.09012618059,0.123905603,0.09251492819,0.06729330171,0.1598082299,57.25224049
HXB4 ,Voda,239.8,38.22747509,16.20460657,0.576,0.305023006,152000,200000,142000,46.36349691,61.00460119,43.31326685,1.307756445,1.560287818,1.884021037,0.08070275816,0.09628668315,0.1162645344,0.08554839416,0.07084852801,0.1563969222,57.61005265
HXB4 ,Voda,241.3,38.29935871,15.40401563,0.598,0.323960741,152000,194000,134000,49.24203263,62.84838376,43.41073929,1.38895014,1.607445433,1.88826085,0.09016805577,0.1043523631,0.122582377,0.0824735774,0.07020840117,0.1526819786,59.77996462
HXB4 ,Voda,235,37.50268102,15.11542979,0.597,0.3059376493,84900,190000,128000,25.97410643,58.12815337,39.16001912,0.7326411368,1.486718179,1.703364932,0.04846975222,0.09835765171,0.1126904729,0.07608638124,0.06640914347,0.1424955247,59.69506878
HXB5 ,Sůl,280.3,41.07399335,17.41305477,0.576,0.3926350931,93900,168000,114000,36.86843524,65.96269565,44.76040062,1.039933073,1.687098816,1.946967813,0.05972146109,0.09688701029,0.1118108131,0.08228616144,0.07130312307,0.1535892845,57.60564449
HXB5 ,Sůl,250.2,42.89709926,17.28665885,0.597,0.3915367635,148000,186000,124000,57.94744099,72.825838,48.55055867,1.63450008,1.862634386,2.111830406,0.09455268912,0.1077498204,0.1221653313,0.08245974579,0.07272949452,0.1551892403,59.70203313
HXB5 ,Sůl,264.9,46.42709207,17.67451187,0.619,0.4810666009,94500,159000,104000,45.46079379,76.48958954,50.03092649,1.282294262,1.956340545,2.176222781,0.07255047673,0.1106871047,0.1231277445,0.07568791275,0.0680405213,0.143728434,61.93060758
HXB5 ,Voda,276.3,45.87473704,18.5620014,0.595,0.4558900315,124000,170000,111000,56.5303639,77.50130535,50.60379349,1.594529159,1.982216755,2.201141093,0.08590286814,0.1067889562,0.1185831768,0.08059028292,0.07257481568,0.1531650986,59.53763968
HXB5 ,Voda,274.6,52.02611774,19.80942087,0.619,0.4710833983,135000,190000,128000,63.59625877,89.50584568,60.29867499,1.793834003,2.289251596,2.622844696,0.09055459092,0.1155637821,0.1324039058,0.08141258884,0.07105792396,0.1524705128,61.92408403
HXB5 ,Voda,249,42.94817024,17.9214794,0.583,0.4982930983,108000,132000,95100,53.81565462,65.77468898,47.38767365,1.51795645,1.682290252,2.061247756,0.08470039865,0.09387005475,0.1150154912,0.08236197781,0.06721984394,0.1495818218,58.27184418
HXB29 ,Sůl,234.1,37.42513025,14.98215636,0.6,0.4226057478,133000,160000,106000,56.20656445,67.61691964,44.79620926,1.585395878,1.729408175,1.948525401,0.1058189382,0.1154311925,0.1300564054,0.08682117669,0.07705788831,0.163879065,59.96765739
HXB29 ,Sůl,241.6,40.73850606,15.68843321,0.615,0.4197574103,142000,179000,121000,59.60555226,75.13657645,50.79064665,1.681269756,1.921735125,2.209268747,0.107166199,0.122493757,0.1408215032,0.08819410467,0.07671574995,0.1649098546,61.48991525
HXB29 ,Sůl,255.6,42.16823981,15.80294983,0.625,0.3692035006,139000,185000,140000,51.31928658,68.3026476,51.68849008,1.447542404,1.746946737,2.248322738,0.09159950636,0.1105456105,0.1422723454,0.08527585851,0.06625934091,0.1515351994,62.52404676
HXB29 ,Voda,241.1,41.77167715,16.56158675,0.604,0.3969599449,119000,177000,119000,47.23823344,70.26191025,47.23823344,1.332429785,1.797057935,2.054747472,0.08045302693,0.1085075942,0.1240670657,0.08150496251,0.07128328009,0.1527882426,60.35211444
HXB29 ,Voda,252.1,43.25982444,16.67300297,0.615,0.3820635541,154000,196000,136000,58.83778733,74.88445661,51.96064336,1.65961372,1.915286767,2.260160739,0.09953898067,0.1148735336,0.1355581081,0.0850105659,0.07203895242,0.1570495183,61.45845901
HXB29 ,Voda,272.6,45.62135253,17.63837011,0.613,0.5700198633,81400,128000,84000,46.39961687,72.96254251,47.88166852,1.308775266,1.866130817,2.082735323,0.0742004651,0.1057995044,0.1180798061,0.07442863994,0.06668806023,0.1411167002,61.33746779
HXB31 ,Sůl,293.7,54.04979471,23.15419553,0.572,1.040825868,76600,90500,57100,79.72726147,94.19474103,59.43115705,2.248834686,2.409177408,2.58510979,0.097124285,0.1040492814,0.1116475753,0.08367242775,0.07797801213,0.1616504399,57.16136267
HXB31 ,Sůl,314.3,59.27143055,24.05470116,0.594,0.7781600262,108000,136000,91900,84.04128283,105.8297636,71.5129064,2.370518545,2.706761255,3.1106363,0.09854699626,0.1125252497,0.1293151089,0.08832836989,0.0768600975,0.1651884674,59.41602736
HXB31 ,Sůl,320.5,60.16824933,25.32835064,0.579,0.6008511931,104000,162000,105000,62.48852408,97.33789328,63.08937527,1.762588578,2.489568428,2.744233324,0.06958955215,0.09829177049,0.1083463097,0.07876697199,0.07145739574,0.1502243677,57.90412564
HXB31 ,Voda,309.8,58.87662593,24.51446328,0.584,0.5339304443,133000,191000,119000,71.01274909,101.9807149,63.53772287,2.003027952,2.608315831,2.763735346,0.08170800762,0.1063990593,0.1127389703,0.08042961016,0.07590662605,0.1563362362,58.36299569
HXB31 ,Voda,308.8,58.69271402,24.08548443,0.59,0.5134079528,140000,196000,,71.87711339,100.6279588,,2.027408728,2.573716984,,0.0841755429,0.1068575968,,,0.07436934461,0.07436934461,58.96341679
HXB31 ,Voda,285.4,53.10938146,22.45200475,0.577,0.4811440146,155000,183000,116000,74.57732227,88.04935468,55.8127057,2.103572429,2.251999567,2.427716017,0.09369196438,0.1003028278,0.1081291423,0.07918864163,0.07345702108,0.1526456627,57.72497413
BXH5 ,Sůl,345.9,57.93074984,23.26561709,0.598,0.522951867,141000,221000,158000,73.73621325,115.5723626,82.62639499,2.079847607,2.95594342,3.594045837,0.08939576365,0.1270520102,0.1544788528,0.1036789867,0.08527137172,0.1889503584,59.83891602
BXH5 ,Sůl,355.8,61.39045425,25.04597258,0.592,1.003745225,112000,114000,81800,112.4194652,114.4269556,82.1063594,3.170970481,2.92664785,3.571425562,0.1266060031,0.1168510363,0.1425948044,0.09826596497,0.08052523287,0.1787911978,59.20217094
BXH5 ,Sůl,363,66.47971411,26.78626347,0.597,0.6024880176,144000,201000,152000,86.75827454,121.1000915,91.57817868,2.447155634,3.097323708,3.983426506,0.09135860388,0.1156310477,0.1487115405,0.1003547548,0.07803110232,0.1783858571,59.70761332
BXH5 ,Voda,336.7,60.32194116,23.8676362,0.604,0.5120601841,150000,172000,127000,76.80902762,88.07435167,65.03164339,2.166521242,2.252638904,2.828717231,0.09077234224,0.09438047762,0.1185168572,0.07759624641,0.0617934948,0.1393897412,60.43291091
BXH5 ,Voda,340.3,63.19264842,25.56248683,0.595,0.7300912251,122000,121000,89000,89.07112947,88.34103824,64.97811904,2.512393399,2.259459829,2.826389052,0.098284389,0.08838967212,0.1105678439,0.07510967089,0.06004385136,0.1351535222,59.54832173
BXH5 ,Voda,360.5,64.3710622,26.03870456,0.595,0.5568840594,100000,150000,105000,55.68840594,83.5326089,58.47282623,1.57078039,2.13647675,2.543424746,0.06032482863,0.08205003997,0.09767862071,0.06635189961,0.0557355947,0.1220874943,59.54905253
HXB7 ,Sůl,265.2,44.22701788,17.22067286,0.611,0.4494551305,117000,106000,76100,52.58625027,47.64224383,34.20353543,1.483279137,1.218524689,1.48777003,0.08613363421,0.07075941215,0.08639441917,0.0550896476,0.04511994082,0.1002095884,61.06300246
HXB7 ,Sůl,274.8,47.72076705,17.47792017,0.634,0.5466778037,94800,125000,103000,51.82505579,68.33472546,56.30781378,1.461808432,1.747767178,2.449252006,0.08363743614,0.09999857887,0.1401340653,0.08098615901,0.05779109305,0.1387772521,63.37460345
HXB7 ,Sůl,309.4,49.61112927,18.94204512,0.618,0.5053476895,147000,202000,144000,74.28611036,102.0802333,72.77006729,2.095358333,2.61086117,3.16531972,0.1106194352,0.1378341754,0.1671054894,0.1032088113,0.0851300664,0.1883388777,61.81895998
HXB7 ,Voda,334.5,59.92655884,21.99688374,0.633,0.5307015154,146000,200000,152000,77.48242125,106.1403031,80.66663034,2.185515384,2.714703787,3.508800874,0.09935568192,0.1234131079,0.1595135437,0.09250806563,0.07157202848,0.1640800941,63.29359776
HXB7 ,Voda,301.1,53.40901119,20.3405186,0.619,0.8337648368,98400,115000,92100,82.04245994,95.88295624,76.78974147,2.314138555,2.452356144,3.340165703,0.1137698896,0.1205650747,0.164212416,0.1010074981,0.07415990123,0.1751673993,61.9155679
HXB7 ,Voda,282,47.23865672,17.39198088,0.632,0.5670482517,105000,149000,119000,59.54006643,84.4901895,67.47874195,1.679422623,2.160968367,2.935160025,0.09656304448,0.1242508477,0.1687651364,0.0983412706,0.07240231302,0.1707435836,63.18273616
BXH10 ,Sůl,252.4,46.72098542,19.8477551,0.575,1.020741691,64100,85100,57000,65.42954239,86.8651179,58.18227638,1.845544694,2.221710865,2.530786539,0.09298505977,0.11193764,0.127509964,0.09417500275,0.08267375519,0.1768487579,57.51854349
BXH10 ,Sůl,250.8,48.58205057,20.30634864,0.582,0.4364401154,134000,218000,150000,58.48297546,95.14394515,65.46601731,1.649605685,2.433454783,2.847611432,0.08123595799,0.1198371419,0.1402325688,0.1007087795,0.08606169315,0.1867704727,58.20195237
BXH10 ,Sůl,254.1,48.14555293,20.60881133,0.572,0.4704538251,140000,208000,141000,65.86353552,97.85439562,66.33398934,1.857786163,2.502778781,2.88536609,0.09014523613,0.1214421706,0.1400064295,0.1047824079,0.09088870491,0.1956711128,57.19477693
BXH10 ,Voda,234,42.74250582,17.91287803,0.581,0.4911239381,112000,164000,126000,55.00588107,80.54432585,61.8816162,1.551528687,2.06004675,2.691698762,0.08661526553,0.1150036721,0.1502661246,0.1084067302,0.08296728277,0.191374013,58.09118421
BXH10 ,Voda,248.2,46.76449444,20.35629691,0.565,0.3933788285,114000,189000,120000,44.84518645,74.34859859,47.20545942,1.264930074,1.901581363,2.053321883,0.06213949818,0.09341489621,0.1008691263,0.07775320068,0.0720072379,0.1497604386,56.47061484
BXH10 ,Voda,253.1,50.27837779,21.22380294,0.578,0.4256082187,106000,208000,141000,45.11447118,88.52650948,60.01075883,1.27252568,2.264203545,2.610321048,0.05995747715,0.1066822733,0.1229902603,0.08984199775,0.0779293298,0.1677713275,57.78741504
HXB24 ,Sůl,291,55.49564753,22.41440866,0.596,0.4860781651,115000,215000,154000,55.89898899,104.5068055,74.85603743,1.576720221,2.672924539,3.256054312,0.07034404721,0.1192502813,0.145266126,0.09842600893,0.08079880411,0.179224813,59.61051062
HXB24 ,Sůl,295.2,59.1903977,23.98095447,0.595,0.5740726206,120000,155000,119000,68.88871448,88.9812562,68.31464185,1.943116165,2.275834402,2.971519624,0.08102747401,0.09490174399,0.1239116495,0.08439553005,0.06463704601,0.1490325761,59.4850594
HXB24 ,Voda,287.8,57.32528313,24.14575598,0.579,0.7143467601,106000,137000,94000,75.72075657,97.86550613,67.14859545,2.135824819,2.50306295,2.920799461,0.08845549589,0.1036647165,0.120965335,0.08803017138,0.07543998258,0.163470154,57.87939515
HXB24 ,Voda,275.9,52.54315452,21.98046704,0.582,0.4455081993,120000,200000,140000,53.46098391,89.10163986,62.3711479,1.507952396,2.278913402,2.712992192,0.0686042018,0.1036790255,0.1234274134,0.08876811614,0.07456521626,0.1633333324,58.16683023
HXB24 ,Voda,268.8,50.47428307,22.05406001,0.563,0.418826517,120000,190000,142000,50.25918204,79.57703824,59.47336542,1.417640463,2.035306861,2.586945751,0.06428024875,0.09228717344,0.1173002046,0.09102482218,0.07161473913,0.1626395613,56.30634322
BXH9 ,Sůl,307.8,55.82395235,23.21062822,0.584,0.7636290527,100000,132000,146000,76.36290527,100.799035,111.4898417,2.153937649,2.578092525,4.849535085,0.0927996273,0.1110737934,0.2089359684,0.1486979698,0.0790502837,0.2277482535,58.42173969
BXH9 ,Sůl,327.8,60.98064585,24.3414152,0.601,1.700651328,51600,47800,39000,87.75360853,81.29113348,66.3254018,2.475230618,2.07914752,2.884992553,0.1016880324,0.08541604929,0.1185219729,0.07874053307,0.0567464841,0.1354870172,60.08337587
BXH9 ,Sůl,295.7,53.09303996,20.86366262,0.607,1.33010789,58500,49900,50900,77.81131156,66.37238371,67.7024916,2.19479226,1.697577227,2.944892587,0.1051968823,0.08136525492,0.1411493581,0.09137292837,0.05267173515,0.1440446635,60.70358255
BXH9 ,Voda,315.8,57.10252383,24.12512384,0.578,0.5487933998,99700,169000,126000,54.71470196,92.74608457,69.14796838,1.543315515,2.372125759,3.007767287,0.06397129918,0.09832595159,0.1246736517,0.09120692621,0.07193186122,0.1631387874,57.75121269
BXH9 ,Voda,302,54.34012917,23.65421859,0.565,0.5526009593,107000,156000,124000,59.12830265,86.20574966,68.52251896,1.667808168,2.204846494,2.980561769,0.07050785304,0.09321155484,0.1260055054,0.0971312799,0.07185207974,0.1689833596,56.47007294
BXH9 ,Voda,291.1,51.71520645,20.99126087,0.594,0.7266650601,72300,96400,79100,52.53788384,70.05051179,57.47920625,1.481914885,1.79165109,2.50020471,0.07059675423,0.08535223778,0.1191069334,0.08137642036,0.05831448584,0.1396909062,59.40988674
BXH11 ,Sůl,220.5,39.22958282,15.31273252,0.61,0.3864312883,83500,155000,135000,32.26701258,59.89684969,52.16822393,0.9101426006,1.531955346,2.269189985,0.05943698159,0.1000445442,0.1481897488,0.09487829527,0.06405339023,0.1589316855,60.96636412
BXH11 ,Sůl,261.9,46.465,17.93064382,0.614,0.473701824,104000,150000,151000,49.26498969,71.0552736,71.52897542,1.389597681,1.81734944,3.111335263,0.07749848217,0.1013543885,0.1735205547,0.109038215,0.06368987015,0.1727280851,61.41042973
BXH11 ,Sůl,219.6,38.22462143,15.52716834,0.594,0.3744976307,71500,159000,136000,26.7765806,59.54512328,50.93167778,0.7552762017,1.522959394,2.215403256,0.04864223696,0.09808352436,0.1426791549,0.09760580835,0.06709825055,0.1647040589,59.37914423
BXH11 ,Voda,215.6,38.99338312,16.68290684,0.572,0.3457704552,83500,184000,166000,28.87183301,63.62176375,57.39789555,0.8143761407,1.627225832,2.496667894,0.0488150026,0.09753850738,0.149654249,0.1119056296,0.07293550399,0.1848411335,57.21605692
BXH11 ,Voda,256.2,44.5236406,17.39225812,0.609,0.75315895,57700,79800,64600,43.45727141,60.10208421,48.65406817,1.225781715,1.537204538,2.116332816,0.07047858342,0.08838441377,0.1216824636,0.07800313226,0.05665780355,0.1346609358,60.93702606
BXH11 ,Voda,257.7,46.94995719,19.22775535,0.59,0.4000183486,135000,169000,162000,54.00247706,67.60310092,64.80297248,1.523226075,1.729054739,2.818770606,0.07922017141,0.08992493964,0.1465990468,0.1016791748,0.06237075791,0.1640499327,59.04627713