Kmen,Dieta,Číslo,Označení pro ALS,Body Weight (g),Carcass Wet weight (g),Carcass Dry Weight (g),Carcass relative water,Carcass Ash weight (g),Cl- (mg/kg ash),K+ (mg/kg ash),Na+ (mg/kg ash),Total  Cl- in carcass (mg),Total K+ in carcass (mg),Total Na+ in carcass (mg),Total  Cl- in carcass (mmol),Total K+ in carcass (mmol),Total Na+ in carcass (mmol),rCarcass Cl- (mmol /g DW),rCarcass K+ (mmol /g DW),rCarcass Na+ (mmol /g DW),Carcass Na+/Carcass W,Carcass K+/Carcass W,Carcass (Na + K)/Carcass W,%W,rCar Na+/rW,rCar K+/rW,rCar Na+K/rW,rCar (Na+K),,Water/salt consuption,Day 2,Day 3,Day 4,Day 5,Day 6,Day 7,Day 8,Day 9,Day 10,Day 11,Day 12,Day 13,Day 14,Day 15
BXH3,Sůl,1,BXH3-S-Carcass-1,286.600,176.804,53.971,0.695,1.802,16000.000,187000.000,54300.000,28.832,336.974,97.849,0.813,8.619,4.256,0.015,0.160,0.079,0.03465008978,0.07016547339,0.1048155632,69.47410692,0.04987482576,0.1009951427,0.1508699684,0.1048155632,,,62.2,82.9,45.9,33.3,50.1,50.1,50.1,46.8,52.4,43.8,46.8,45.6,45.6,45.6
,Sůl,2,BXH3-S-Carcass-2,308.400,188.681,55.312,0.707,1.879,15200.000,176000.000,55400.000,28.561,330.704,104.097,0.806,8.458,4.528,0.015,0.153,0.082,0.03395052206,0.06342006436,0.09737058642,70.68491263,0.04803079016,0.08972220804,0.1377529982,0.09737058642,,,68.8,65.8,57.7,62.1,70.2,70.2,70.2,70.2,43.5,87.4,47.7,75.5,75.5,75.5
,Sůl,3,BXH3-S-Carcass-3,306.600,189.012,57.030,0.698,2.427,18300.000,140000.000,39900.000,44.414,339.780,96.837,1.253,8.690,4.212,0.022,0.152,0.074,0.03191484751,0.06584536845,0.09776021596,69.82731255,0.04570539284,0.09429744042,0.1400028333,0.09776021596,,,81.4,58.1,62.9,65.1,75.3,75.3,75.3,66,74.4,46.1,70.4,67.1,67.1,67.1
,,,Průměr,300.533,184.832,55.438,0.700,2.036,16500.000,167666.667,49866.667,33.936,335.819,99.594,0.957,8.589,4.332,0.017,0.155,0.078,0.03350515311,0.06647696874,0.09998212185,69.99544403,0.04787033625,0.09500493037,0.1428752666,0.09998212185,,,70.8,68.93333333,55.5,53.5,65.2,65.2,65.2,61,56.76666667,59.1,54.96666667,62.73333333,62.73333333,62.73333333
,,,SEM,7.034963802,4.043436095,0.8914924374,0.003620154971,0.198138136,935.6672639,14292.55354,5028.425598,5.276529878,2.701667637,2.285971645,0.1488329486,0.06909936333,0.09943416841,0.002404611595,0.002367902591,0.002350485313,0.000826144724,0.00198649484,0.002436287175,,0.001214733975,0.003296320397,0.004078142626,0.002436287175,,,5.671510883,7.379905014,5.064484126,10.20808384,7.746097606,7.746097606,7.746097606,7.253241941,9.24772006,14.26481657,7.775134866,8.965624012,8.965624012,8.965624012
,Voda,4,BXH3-W-Carcass-4,286.200,175.193,54.402,0.689,2.381,17200.000,132000.000,37600.000,40.953,314.292,89.526,1.155,8.039,3.894,0.021,0.148,0.072,0.03223869626,0.06654889907,0.09878759533,68.94738945,0.04675840016,0.09652127456,0.1432796747,0.09878759533,,,34.5,33.7,32.7,30.3,34.2,34.2,34.2,40.2,34.4,38.7,48.9,40,40,40
,Voda,5,BXH3-W-Carcass-5,264.000,164.897,50.005,0.697,1.707,20200.000,184000.000,53100.000,34.481,314.088,90.642,0.973,8.033,3.943,0.019,0.161,0.079,0.03431650573,0.06992036391,0.1042368696,69.67500925,0.04925224424,0.1003521416,0.1496043858,0.1042368696,,,30.1,27.3,28.1,27.1,30.4,30.4,30.4,35.6,27.2,31.5,29.6,26.9,26.9,26.9
,Voda,6,BXH3-W-Carcass-6,285.300,174.269,53.855,0.691,1.820,17600.000,188000.000,51400.000,32.032,342.160,93.548,0.904,8.751,4.069,0.017,0.162,0.076,0.03379265625,0.07267656278,0.106469219,69.09662648,0.04890637643,0.105181058,0.1540874344,0.106469219,,,30,28.6,28.2,30.7,30.8,30.8,30.8,34.4,28.9,33.4,36.5,32.5,32.5,32.5
,,,Průměr,278.500,171.453,52.754,0.692,1.969,18333.333,168000.000,47366.667,35.822,323.513,91.238,1.010,8.274,3.969,0.019,0.157,0.075,0.03344928608,0.06971527525,0.1031645613,69.23967506,0.04830567361,0.1006848247,0.1489904983,0.1031645613,,,31.53333333,29.86666667,29.66666667,29.36666667,31.8,31.8,31.8,36.73333333,30.16666667,34.53333333,38.33333333,33.13333333,33.13333333,33.13333333
,,,SEM,7.305481839,3.31187695,1.393233984,0.002234440935,0.2098622463,947.0381181,18163.37134,4942.31644,2.679801259,9.388842536,1.207287208,0.07558807254,0.2401342906,0.052514037,0.001304165866,0.004667288057,0.002115075217,0.0006282703394,0.001784288179,0.002297373953,,0.0007855181516,0.002522945734,0.003156958592,0.002297373953,,,1.494008827,1.966743971,1.527569488,1.147182061,1.213989129,1.213989129,1.213989129,1.779994187,2.188035134,2.169417621,5.68589591,3.821467593,3.821467593,3.821467593
HXB13,Sůl,1,HXB13-S-Carcass-1,331.700,220.011,65.117,0.704,2.306,20800.000,175000.000,44300.000,47.965,403.550,102.156,1.353,10.321,4.444,0.021,0.159,0.068,0.02868753554,0.06663538048,0.09532291602,70.40284349,0.04074769443,0.09464870618,0.1353964006,0.09532291602,,,43,31.6,38.6,42.2,43.8,43.8,43.8,48.7,45.1,48,39.5,40.7,40.7,40.7
,Sůl,2,HXB13-S-Carcass-2,347.700,231.685,67.643,0.708,2.644,18500.000,169000.000,43600.000,48.914,446.836,115.278,1.380,11.429,5.014,0.020,0.169,0.074,0.03056734308,0.06966830192,0.100235645,70.80389322,0.04317183941,0.09839614568,0.1415679851,0.100235645,,,56,48.9,43.2,57.9,54.7,54.7,54.7,50,50,56,49.2,50,50,50
,Sůl,3,HXB13-S-Carcass-3,379.900,252.431,72.977,0.711,2.566,18000.000,190000.000,50900.000,46.188,487.540,130.609,1.303,12.470,5.681,0.018,0.171,0.078,0.03165819123,0.06948630772,0.1011444989,71.09031775,0.04453235297,0.09774370113,0.1422760541,0.1011444989,,,41.5,47.9,40.2,52,49.2,49.2,49.2,44.7,49.4,50.9,43.5,52.7,52.7,52.7
,,,Průměr,353.100,234.709,68.579,0.708,2.505,19100.000,178000.000,46266.667,47.689,445.975,116.015,1.345,11.407,5.046,0.020,0.166,0.073,0.03030435662,0.06859666337,0.09890101999,70.76568482,0.04281729561,0.09692951766,0.1397468133,0.09890101999,,,46.83333333,42.8,40.66666667,50.7,49.23333333,49.23333333,49.23333333,47.8,48.16666667,51.63333333,44.06666667,47.8,47.8,47.8
,,,SEM,14.27298939,9.546620187,2.332980381,0.00200770996,0.1028943845,868.2084025,6288.752225,2341.755769,0.804522988,24.41954307,8.27969559,0.02269285521,0.6245678986,0.3601464819,0.0009245103711,0.003869007752,0.002817228398,0.00087365562,0.0009889282637,0.00182085606,,0.001114579929,0.001163952434,0.002200096192,0.00182085606,,,4.635997564,5.646722823,1.357696115,4.610652068,3.1686491,3.1686491,3.1686491,1.605956665,1.553896224,2.354710976,2.83416567,3.660021101,3.660021101,3.660021101
,Voda,4,HXB13-W-Carcass-4,377.900,246.066,72.870,0.704,2.677,18100.000,168000.000,42800.000,48.454,449.736,114.576,1.367,11.503,4.984,0.019,0.158,0.068,0.02877524893,0.0664143491,0.09518959803,70.385994,0.04088206659,0.09435733634,0.1352394029,0.09518959803,,,49.8,44.1,46.5,52.4,50,50,50,48.4,43.9,48.6,43.4,45.8,45.8,45.8
,Voda,5,HXB13-W-Carcass-5,380.000,254.325,74.266,0.708,2.507,17600.000,192000.000,52300.000,44.123,481.344,131.116,1.245,12.311,5.703,0.017,0.166,0.077,0.03167422488,0.06837271951,0.1000469444,70.79878109,0.044738376,0.09657330035,0.1413116763,0.1000469444,,,45.4,41,48.4,49.6,45.8,45.8,45.8,44,41.8,43.2,47.2,41.53,41.53,41.53
,Voda,6,HXB13-W-Carcass-6,350.000,234.445,69.890,0.702,2.387,17400.000,197000.000,52200.000,41.534,470.239,124.601,1.172,12.027,5.420,0.017,0.172,0.078,0.03293643926,0.0730886075,0.1060250468,70.18917017,0.04692524385,0.1041308899,0.1510561337,0.1060250468,,,37.8,35.9,43.4,40.7,38.4,38.4,38.4,39.6,38.2,38,39.1,34.9,34.9,34.9
,,,Průměr,369.300,244.945,72.342,0.705,2.524,17700.000,185666.667,49100.000,44.704,467.106,123.431,1.261,11.947,5.369,0.017,0.165,0.074,0.03112863769,0.06929189203,0.1004205297,70.45798175,0.04418189548,0.09835384219,0.1425357377,0.1004205297,,,,,,,,,,,,,,,,
,,,SEM,9.736766615,5.806551111,1.299575585,0.001808812832,0.08471896509,209.6250742,9013.190662,3172.202992,2.032712555,9.322772157,4.844260348,0.05733590261,0.2384444377,0.210713462,0.0006697215155,0.004146451684,0.0029549857,0.001240448263,0.001994625851,0.003155451246,,0.001778941589,0.002979237588,0.00463900985,0.003155451246,,,,,,,,,,,,,,,,
BXH12,Sůl,1,BXH12-S-Carcass-1,238.000,152.657,45.158,0.704,1.540,17300.000,181000.000,60200.000,26.642,278.740,92.708,0.751,7.129,4.033,0.017,0.158,0.089,0.03751263701,0.06631885154,0.1038314886,70.41865096,0.05327088278,0.09417796369,0.1474488465,0.1038314886,,,57.5,55.6,47.8,44.7,44.7,44.7,51.7,44.6,46.4,49.3,41.7,41.7,41.7,43.5
,Sůl,2,BXH12-S-Carcass-2,246.500,157.531,45.878,0.709,1.545,16000.000,202000.000,59400.000,24.720,312.090,91.773,0.697,7.982,3.992,0.015,0.174,0.087,0.03575274069,0.07149103458,0.1072437753,70.87684329,0.05044347213,0.1008665613,0.1513100334,0.1072437753,,,61.1,44.4,50.1,42.8,42.8,42.8,46.3,47.4,49.3,44.6,47,47,47,47.7
,Sůl,3,BXH3-S-Carcass-3,237.200,149.496,43.496,0.709,1.550,18300.000,193000.000,61200.000,28.365,299.150,94.860,0.800,7.651,4.126,0.018,0.176,0.095,0.03892620468,0.07218139437,0.111107599,70.90490715,0.05489916882,0.1018002805,0.1566994493,0.111107599,,,46.2,42.9,52.9,46.1,46.1,46.1,52.3,44.5,50.5,53.3,46.7,46.7,46.7,54.8
,,,,240.567,153.228,44.844,0.707,1.545,17200.000,192000.000,60266.667,26.576,296.660,93.114,0.750,7.588,4.050,0.017,0.169,0.090,0.03739719413,0.06999709349,0.1073942876,70.73346714,0.05287117458,0.09894826849,0.1518194431,0.1073942876,,,54.93333333,47.63333333,50.26666667,44.53333333,44.53333333,44.53333333,50.1,45.5,48.73333333,49.06666667,45.13333333,45.13333333,45.13333333,48.66666667
,,,,2.996490045,2.353383021,0.710261456,0.0015872073,0.002906976744,670.4978253,6125.380089,524.3313666,1.060119272,9.775496748,0.9203354928,0.02990235644,0.2500235751,0.04003234012,0.0009305432352,0.00575839573,0.002347903706,0.0009243479797,0.001862847954,0.002116505583,,0.001310802618,0.00241715169,0.002701333027,0.002116505583,,,4.520076203,4.034872551,1.484931221,0.9629657557,0.9629657557,0.9629657557,1.92124554,0.9570975368,1.225535795,2.531797068,1.730892493,1.730892493,1.730892493,3.320746472
,Voda,4,BXH12-W-Carcass-4,243.600,157.359,45.804,0.709,1.687,21700.000,185000.000,56900.000,36.608,312.095,95.990,1.033,7.982,4.175,0.023,0.174,0.091,0.03742855971,0.07155498513,0.1089835448,70.89203668,0.05279656427,0.1009351522,0.1537317165,0.1089835448,,,46.4,35.3,35.2,31.6,31.6,31.6,36.3,32.5,38.6,32.7,34,34,34,33.3
,Voda,5,BXH12-W-Carcass-5,255.800,467.801,48.812,0.896,1.672,18200.000,187000.000,54500.000,30.430,312.664,91.124,0.858,7.997,3.964,0.018,0.164,0.081,0.009460083308,0.0190861083,0.02854619161,89.56564864,0.01056217808,0.02130962996,0.03187180804,0.02854619161,,,43.4,38.4,34.8,31,31,31,38.6,28.4,35.7,36.1,30.8,30.8,30.8,31.8
,Voda,6,BXH12-W-Carcass-6,244.800,159.298,46.178,0.710,1.650,19900.000,182000.000,58100.000,32.835,300.300,95.865,0.926,7.681,4.170,0.020,0.166,0.090,0.03686255954,0.06789816873,0.1047607283,71.01156323,0.05191064365,0.09561565136,0.147526295,0.1047607283,,,41.9,36.9,35.6,30.1,30.1,30.1,38.1,26.5,35.2,33.2,30,30,30,31.2
,,,,248.067,261.486,46.931,0.772,1.670,19933.333,184666.667,56500.000,33.291,308.353,94.326,0.939,7.887,4.103,0.020,0.168,0.088,0.02791706752,0.05284642072,0.08076348824,77.15641619,0.03842312867,0.07262014451,0.1110432732,0.08076348824,,,43.9,36.86666667,35.2,30.9,30.9,30.9,37.66666667,29.13333333,36.5,34,31.6,31.6,31.6,32.1
,,,,3.90935236,103.8817799,0.9531425446,0.0624818414,0.01081978671,1017.580279,1463.146208,1065.715278,1.810409195,4.058083186,1.6128466,0.05106548147,0.1037918064,0.07015487739,0.001441563174,0.003169934743,0.003207181877,0.009294605966,0.01703163015,0.02632021498,,0.01403043994,0.02588124316,0.03990387603,0.02632021498,,,1.332144097,0.9013190662,0.2325581395,0.4389438625,0.4389438625,0.4389438625,0.7033041594,1.782840408,1.067299986,1.067299986,1.230582005,1.230582005,1.230582005,0.6288752225
HXB10,Sůl,1,HXB10-S-Carcass-1,239.300,146.666,43.575,0.703,1.516,17300.000,185000.000,57800.000,26.227,280.460,87.625,0.740,7.173,3.811,0.017,0.165,0.087,0.03697184249,0.06958126222,0.1065531047,70.28963768,0.0525992788,0.098992205,0.1515914838,0.1065531047,,,63.7,54.7,58.9,54.7,54.7,54.7,95.7,92.1,81.9,80.5,68.8,68.8,68.8,69.6
,Sůl,2,HXB10-S-Carcass-2,233.000,146.377,44.620,0.695,1.458,14700.000,154000.000,59100.000,21.433,224.532,86.168,0.605,5.743,3.748,0.014,0.129,0.084,0.03683371446,0.05643598061,0.09326969507,69.51706894,0.05298513736,0.08118291158,0.1341680489,0.09326969507,,,57.7,66.7,61.7,63.1,63.1,63.1,70.4,59.6,67.5,64.4,69.1,69.1,69.1,64.8
,Sůl,3,HXB10-S-Carcass-3,240.800,149.147,45.411,0.696,1.531,17100.000,155000.000,62400.000,26.180,237.305,95.534,0.738,6.069,4.156,0.016,0.134,0.092,0.04005853749,0.05850857441,0.09856711189,69.55285725,0.05759438084,0.08412102208,0.1417154029,0.09856711189,,,69.8,71.3,66.5,64.8,64.8,64.8,76.5,59.1,79.1,66.4,63.1,63.1,63.1,93.6
,,,,237.700,147.397,44.535,0.698,1.502,16366.667,164666.667,59766.667,24.613,247.432,89.776,0.694,6.328,3.905,0.016,0.142,0.088,0.03795469815,0.06150860575,0.09946330389,69.78652129,0.05439293233,0.08809871289,0.1424916452,0.09946330389,,,63.73333333,64.23333333,62.36666667,60.86666667,60.86666667,60.86666667,80.86666667,70.26666667,76.16666667,70.43333333,67,67,67,76
,,,,2.406302568,0.8852935696,0.5354207154,0.002535342249,0.0224145313,841.1835044,10242.02346,1378.695846,1.60148285,17.03902498,2.930311545,0.04517238037,0.4357996378,0.1274613761,0.001051462802,0.01131591402,0.002184880046,0.001060050474,0.004109019524,0.00388773175,,0.001615837326,0.005551008948,0.005080009347,0.00388773175,,,3.517481901,4.982844193,2.234656636,3.144017758,3.144017758,3.144017758,7.676253598,10.99411277,4.438957613,5.101833907,1.965597849,1.965597849,1.965597849,8.970837917
,Voda,4,HXB10-W-Carcass-4,227.900,145.656,45.014,0.691,1.486,18600.000,124000.000,60400.000,27.640,184.264,89.754,0.780,4.713,3.904,0.017,0.105,0.087,0.03879192186,0.04682775757,0.08561967942,69.09567749,0.05614232795,0.06777234014,0.1239146681,0.08561967942,,,53.6,41.2,42.7,37.4,37.4,37.4,43.8,37.9,40,41.9,36.8,36.8,36.8,38.2
,Voda,5,HXB10-W-Carcass-5,228.800,146.545,44.563,0.696,1.497,19100.000,94800.000,59600.000,28.593,141.916,89.221,0.807,3.630,3.881,0.018,0.081,0.087,0.03805479109,0.0355917005,0.0736464916,69.59091064,0.05468356534,0.05114417986,0.1058277452,0.0736464916,,,49.9,47.2,35.8,37.3,37.3,37.3,42.6,36.3,42.7,38.4,36,36,36,35.5
,Voda,6,HXB10-W-Carcass-6,221.300,140.422,42.540,0.697,1.512,18800.000,108000.000,59100.000,28.426,163.296,89.359,0.802,4.177,3.887,0.019,0.098,0.091,0.0397101241,0.04266923311,0.08237935721,69.70560169,0.0569683399,0.06121349229,0.1181818322,0.08237935721,,,44.2,37.2,40.7,31,31,31,39.8,37.3,38.1,34.7,31.5,31.5,31.5,22.2
,,,,226.000,144.208,44.039,0.695,1.498,18833.333,108933.333,59700.000,28.219,163.159,89.445,0.796,4.173,3.891,0.018,0.095,0.088,0.03885227902,0.0416962304,0.08054850941,69.46406327,0.05593141107,0.06004333743,0.1159747485,0.08054850941,,,49.23333333,41.86666667,39.73333333,35.23333333,35.23333333,35.23333333,42.06666667,37.16666667,40.26666667,38.33333333,34.76666667,34.76666667,34.76666667,31.96666667
,,,,2.380883166,1.923534394,0.766053404,0.001884560302,0.007587896105,146.3146208,8501.37053,381.2464258,0.295895204,12.31077597,0.1608986952,0.008346196594,0.3148672953,0.006998699215,0.0004443328071,0.006971428588,0.001501100755,0.0004821601337,0.003302831976,0.003600584233,,0.0006726151585,0.004869541826,0.005373980615,0.003600584233,,,2.753097801,2.926292417,2.064021726,2.131694854,2.131694854,2.131694854,1.193395684,0.4699362656,1.343933213,2.093292403,1.661136489,1.661136489,1.661136489,4.979790598
HXB17,Sůl,1,HXB17-S-Carcass-1,280.100,176.166,52.691,0.701,1.943,12800.000,190000.000,47500.000,24.870,369.170,92.292,0.702,9.442,4.014,0.013,0.179,0.076,0.03251263603,0.07646971861,0.1089823546,70.09014225,0.04638688835,0.1091019595,0.1554888478,0.1089823546,,,91,57.6,57.6,57.6,60.7,51.5,64.9,57.5,55.2,55.2,55.2,66.6,60.8,55.8
,Sůl,2,HXB17-S-Carcass-2,296.600,188.863,55.357,0.707,2.152,17200.000,174000.000,43100.000,37.014,374.448,92.751,1.044,9.577,4.034,0.019,0.173,0.073,0.03021924154,0.0717352897,0.1019545312,70.68933566,0.04274936418,0.101479649,0.1442290132,0.1019545312,,,71.5,49.6,49.6,49.6,43.5,52.9,48.2,49.4,48,48,48,98.3,53.8,50
,Sůl,3,HXB17-S-Carcass-3,289.900,181.516,54.711,0.699,1.820,11500.000,195000.000,48800.000,20.930,354.900,88.816,0.590,9.077,3.863,0.011,0.166,0.071,0.03046629468,0.07158330508,0.1020495998,69.85885542,0.04361121364,0.1024684768,0.1460796905,0.1020495998,,,95.2,60.5,60.5,60.5,60.9,54.4,71,69.8,61.3,61.3,61.3,73.2,63.7,60.4
,,,,288.867,182.182,54.253,0.702,1.972,13833.333,186333.333,46466.667,27.605,366.173,91.287,0.779,9.365,3.971,0.014,0.173,0.073,0.03106605742,0.07326277113,0.1043288285,70.21277778,0.04424915539,0.1043500284,0.1485991838,0.1043288285,,,85.9,55.9,55.9,55.9,55.03333333,52.93333333,61.36666667,58.9,54.83333333,54.83333333,54.83333333,79.36666667,59.43333333,55.4
,,,,4.824647337,3.706174701,0.8085811074,0.002491901161,0.09758497658,1736.741217,6377.706462,1736.741217,4.874202908,5.87954516,1.251064469,0.1374846742,0.1503785372,0.05441824065,0.002400109882,0.003865540134,0.001630596529,0.0007318890165,0.001615312466,0.002343227986,,0.00110512884,0.002409817564,0.003510436724,0.002343227986,,,7.352525201,3.282181436,3.282181436,3.282181436,5.807360603,0.8431903069,6.862517759,5.971980275,3.870684382,3.870684382,3.870684382,9.724144993,2.959030081,3.029956796
,Voda,4,HXB17-W-Carcass-4,278.000,180.528,54.428,0.699,1.779,12500.000,200000.000,51000.000,22.238,355.800,90.729,0.627,9.100,3.946,0.012,0.167,0.073,0.03129650525,0.07216605792,0.1034625632,69.85066029,0.04480488105,0.1033147827,0.1481196638,0.1034625632,,,51.5,33.6,33.6,33.6,35.5,30.8,36.2,34.7,33.8,33.8,33.8,21.3,33.1,31.2
,Voda,5,HXB17-W-Carcass-5,271.700,173.778,51.110,0.706,1.970,18100.000,173000.000,43600.000,35.657,340.810,85.892,1.006,8.717,3.736,0.020,0.171,0.073,0.0304569379,0.07105966736,0.1015166053,70.58891229,0.04314691488,0.1006668966,0.1438138115,0.1015166053,,,64.9,34,34,34,45.8,36.2,48.7,36.4,34.8,34.8,34.8,28.4,32.7,36
,Voda,6,HXB17-W-Carcass-6,289.700,181.424,54.329,0.701,2.344,13500.000,136000.000,34000.000,31.644,318.784,79.696,0.893,8.153,3.467,0.016,0.150,0.064,0.02727550912,0.06415199633,0.09142750545,70.05412735,0.0389349067,0.09157489895,0.1305098056,0.09142750545,,,57.9,38,38,38,41.9,40.8,41.2,43.1,34,34,34,27.5,40.4,33.6
,,,,279.800,178.577,53.289,0.702,2.031,14700.000,169666.667,42866.667,29.846,338.465,85.439,0.842,8.657,3.716,0.016,0.163,0.070,0.02967631742,0.0691259072,0.09880222463,70.16456664,0.04229556754,0.09851885944,0.140814427,0.09880222463,,,58.1,35.2,35.2,35.2,41.06666667,35.93333333,42.03333333,38.06666667,34.2,34.2,34.2,25.73333333,35.4,33.6
,,,,5.310466517,2.430142519,1.097510735,0.002216951521,0.1670912431,1736.416805,18680.20029,4955.635157,4.004666127,10.82506783,3.215367489,0.1129580012,0.2768679924,0.1398606116,0.002386601869,0.006384679124,0.003024736032,0.001233206379,0.002524947659,0.003756036706,,0.001759404917,0.003580034363,0.005337260177,0.003756036706,,,3.896650251,1.414595937,1.414595937,1.414595937,3.023442153,2.910075867,3.657865521,2.582032535,0.3076455013,0.3076455013,0.3076455013,2.247477203,2.520199628,1.395348837
HXB1,Sůl,1,HXB1-S-Carcass-1,297.700,189.930,55.666,0.707,1.283,13800.000,198000.000,59200.000,17.705,254.034,75.954,0.499,6.497,3.304,0.009,0.117,0.059,0.02460671212,0.04839209125,0.07299880338,70.69130732,0.03480868165,0.06845550477,0.1032641864,0.07299880338,,,96.2,68.9,68.9,68.9,68.2,76.9,78.5,74.6,77,77,77,73.1,72.2,71.9
,Sůl,2,HXB1-S-Carcass-2,321.800,201.562,58.160,0.711,2.251,21200.000,162000.000,47300.000,47.721,364.662,106.472,1.346,9.327,4.631,0.023,0.160,0.080,0.03229581393,0.06503953484,0.09733534877,71.14535478,0.04539412872,0.09141782347,0.1368119522,0.09733534877,,,97.8,70.2,70.2,70.2,81.7,88.7,84.3,78.9,87.1,87.1,87.1,82.3,86.4,88
,Sůl,3,HXB1-S-Carcass-3,281.800,182.851,52.451,0.713,1.842,20700.000,194000.000,57800.000,38.129,357.348,106.468,1.076,9.140,4.631,0.021,0.174,0.088,0.03551441618,0.07008997253,0.1056043887,71.31489573,0.04979943645,0.09828237398,0.1480818104,0.1056043887,,,80.6,48.3,48.3,48.3,43.5,28.9,52.5,36.6,35.8,35.8,35.8,46.7,50.6,44.9
,,,,300.433,191.448,55.426,0.711,1.792,18566.667,184666.667,54766.667,34.519,325.348,96.298,0.974,8.321,4.189,0.018,0.150,0.076,0.03080564741,0.06117386621,0.09197951362,71.05051928,0.04333408227,0.08605190074,0.129385983,0.09197951362,,,91.53333333,62.46666667,62.46666667,62.46666667,64.46666667,64.83333333,71.76666667,63.36666667,66.63333333,66.63333333,66.63333333,67.36666667,69.73333333,68.26666667
,,,,11.70906753,5.492658959,1.663998823,0.001874591677,0.2825192575,2404.428865,11471.82061,3781.454227,8.912908433,35.96971656,10.24338549,0.2514028109,0.9199815993,0.4455621837,0.004381991073,0.01745448354,0.008636627198,0.003258405797,0.006601002576,0.0098545187,,0.004479519145,0.009081785733,0.01355428985,0.0098545187,,,5.524581644,7.142964987,7.142964987,7.142964987,11.26262487,18.41485065,9.846258231,13.53494532,15.79987546,15.79987546,15.79987546,10.74391758,10.4808237,12.66192222
,Voda,4,HXB1-W-Carcass-4,320.300,201.319,58.565,0.709,2.142,21800.000,167000.000,47300.000,46.696,357.714,101.317,1.317,9.149,4.407,0.022,0.156,0.075,0.03087145708,0.064089927,0.09496138408,70.90935282,0.04353650944,0.09038289655,0.133919406,0.09496138408,,,,40.1,40.1,40.1,40.2,38.7,46.1,43.5,38,38,38,46.4,38.4,36.6
,Voda,5,HXB1-W-Carcass-5,326.200,204.742,61.833,0.698,1.700,23800.000,191000.000,54200.000,40.460,324.700,92.140,1.141,8.305,4.008,0.018,0.134,0.065,0.02804487021,0.05811186769,0.08615673791,69.79955261,0.04017915469,0.08325535841,0.1234345131,0.08615673791,,,18.7,38.6,38.6,38.6,45.6,41,44.7,39.2,38.3,38.3,38.3,40.6,37.3,34
,Voda,6,HXB1-W-Carcass-6,307.100,199.044,57.508,0.711,1.734,22400.000,194000.000,57400.000,38.842,336.396,99.532,1.096,8.604,4.329,0.019,0.150,0.075,0.03058854889,0.0607891444,0.09137769329,71.10789574,0.04301709194,0.08548859977,0.1285056917,0.09137769329,,,45.8,28.6,28.6,28.6,31.9,25.2,30.9,28.4,26.9,26.9,26.9,34.6,28.4,34.2
,,,,317.867,201.702,59.302,0.706,1.859,22666.667,184000.000,52966.667,41.999,339.603,97.663,1.185,8.686,4.248,0.020,0.147,0.072,0.02983495873,0.0609969797,0.09083193843,70.60560039,0.04224425202,0.08637561824,0.1286198703,0.09083193843,,,32.25,35.76666667,35.76666667,35.76666667,39.23333333,34.96666667,40.56666667,37.03333333,34.4,34.4,34.4,40.53333333,34.7,34.93333333
,,,,5.68589591,1.667563723,1.310886393,0.00409930969,0.1430011958,596.6978418,8603.865458,3000.998872,2.411065063,9.7320144,2.828713563,0.06800793912,0.2489114463,0.1230421127,0.001265907002,0.006534858524,0.003507434866,0.0009050594549,0.001740955817,0.002574198724,,0.001050689158,0.002119546998,0.003048476103,0.002574198724,,,11.14104289,3.634689793,3.634689793,3.634689793,4.012189602,4.962791969,4.884182333,4.523066495,3.777280435,3.777280435,3.777280435,3.43039679,3.188146482,0.8411835044
HXB3,Sůl,1,HXB3-S-Carcass-1,253.400,163.118,50.707,0.689,1.757,20000.000,185000.000,52400.000,35.140,325.045,92.067,0.991,8.314,4.005,0.020,0.164,0.079,0.03562534215,0.07395657732,0.1095819195,68.91391508,0.05169542626,0.1073173353,0.1590127616,0.1095819195,,,57.5,54.9,46.9,48,48,48,49.5,52.4,52,53.9,48,48,48,41.5
,Sůl,2,HXB3-S-Carcass-2,247.800,159.640,48.057,0.699,1.605,14600.000,196000.000,54700.000,23.433,314.580,87.794,0.661,8.046,3.819,0.014,0.167,0.079,0.03422387148,0.0721066302,0.1063305017,69.89664245,0.04896354143,0.1031617939,0.1521253353,0.1063305017,,,62.5,61,63.1,44,44,44,44.5,54.5,52.4,49.4,55.6,55.6,55.6,51.2
,Sůl,3,HXB3-S-Carcass-3,301.100,195.333,58.083,0.703,2.050,17900.000,184000.000,50800.000,36.695,377.200,104.140,1.035,9.647,4.530,0.018,0.166,0.078,0.03300426208,0.07029128072,0.1032955428,70.26462502,0.04697137723,0.1000379362,0.1470093134,0.1032955428,,,68.4,60.1,52.7,52.1,52.1,52.1,56.4,58.1,55.9,58.2,57.1,57.1,57.1,55.4
,,,,267.433,172.697,52.282,0.697,1.804,17500.000,188333.333,52633.333,31.756,338.942,94.667,0.896,8.669,4.118,0.017,0.166,0.079,0.0342844919,0.07211816275,0.1064026547,69.69172752,0.04921011497,0.1035056884,0.1527158034,0.1064026547,,,62.8,58.66666667,54.23333333,48.03333333,48.03333333,48.03333333,50.13333333,55,53.43333333,53.83333333,53.56666667,53.56666667,53.56666667,49.36666667
,,,,17.02926065,11.44205386,3.020539104,0.00405977567,0.131507207,1582.634603,3871.120999,1139.791934,4.214966036,19.50192843,4.928912092,0.1188898458,0.4987922346,0.2143956055,0.001729285748,0.001018417279,0.000436942685,0.0007625529871,0.00106550902,0.001827796155,,0.001378870565,0.002123176741,0.003502016993,0.001827796155,,,3.172202992,1.914489361,4.772166311,2.354710976,2.354710976,2.354710976,3.473968974,1.675992477,1.247405817,2.558359751,2.836549993,2.836549993,2.836549993,4.144795673
,Voda,4,HXB3-W-Carcass-4,273.200,171.676,52.796,0.692,1.851,21400.000,190000.000,52700.000,39.611,351.690,97.548,1.117,8.995,4.243,0.021,0.170,0.080,0.03569217753,0.07566470595,0.1113568835,69.24672057,0.05154349149,0.1092682878,0.1608117793,0.1113568835,,,35,42,39.4,31.2,31.2,31.2,35,35.5,35,36.9,33.7,33.7,33.7,32.4
,Voda,5,HXB3-W-Carcass-5,263.800,171.122,51.491,0.699,1.791,12900.000,197000.000,54500.000,23.104,352.827,97.609,0.652,9.024,4.246,0.013,0.175,0.082,0.03549058532,0.07543279578,0.1109233811,69.90977198,0.05076627247,0.1079002172,0.1586664896,0.1109233811,,,21.8,40.2,36.4,34.3,34.3,34.3,38.8,36.6,44.1,35,37.4,37.4,37.4,38.2
,Voda,6,HXB3-W-Carcass-6,285.700,185.547,55.237,0.702,1.968,19400.000,192000.000,52300.000,38.179,377.856,102.926,1.077,9.664,4.477,0.019,0.175,0.081,0.03435689005,0.07416358301,0.1085204731,70.23018427,0.04892040425,0.1056007239,0.1545211282,0.1085204731,,,29.6,36.6,37.2,30.9,30.9,30.9,29.6,"62,3 ?",33.5,37.2,34.9,34.9,34.9,32.2
,,,,274.233,176.115,53.175,0.698,1.870,17900.000,193000.000,53166.667,33.632,360.791,99.361,0.949,9.228,4.322,0.018,0.174,0.081,0.0351798843,0.07508702825,0.1102669125,69.79555894,0.05041005607,0.107589743,0.1579997991,0.1102669125,,,28.8,39.6,37.66666667,32.13333333,32.13333333,32.13333333,34.46666667,36.05,37.53333333,36.36666667,35.33333333,35.33333333,35.33333333,34.26666667
,,,,6.387503998,4.751771502,1.105518376,0.002916169626,0.05233527042,2583.777447,2096.250742,681.3331718,5.317004955,8.598635959,1.795179295,0.1499746128,0.219923525,0.07808590311,0.002620794851,0.00159162669,0.0006192247835,0.0004185035029,0.0004698195747,0.0008883217221,,0.0007833348766,0.001077551921,0.001859231987,0.0008883217221,,,3.858293029,1.598572917,0.9031922634,1.094403713,1.094403713,1.094403713,2.687866426,0.4522194531,3.334966699,0.6936252003,1.097487995,1.097487995,1.097487995,1.981298902
HXB18,Sůl,1,HXB18-S-Carcass-1,297.900,190.314,54.405,0.714,2.156,18800.000,179000.000,48500.000,40.533,385.924,104.566,1.143,9.871,4.548,0.021,0.181,0.084,0.03346625262,0.0726265971,0.1060928497,71.4130332,0.04686294801,0.1016993591,0.1485623071,0.1060928497,,,42.5,43.6,31.6,38.1,38.1,38.1,36,38.6,33.2,45.6,45.2,45.2,45.2,49.4
,Sůl,2,HXB18-S-Carcass-2,313.100,204.854,59.059,0.712,2.333,16600.000,171000.000,45600.000,38.728,398.943,106.385,1.092,10.204,4.627,0.018,0.173,0.078,0.03173962257,0.06998586655,0.1017254891,71.17019926,0.04459678756,0.09833591486,0.1429327024,0.1017254891,,,48.7,56.2,50.3,51.8,51.8,51.8,46.6,46.6,54.5,49.6,54.6,54.6,54.6,50.1
,Sůl,3,HXB18-S-Carcass-3,326.300,208.132,60.258,0.710,2.008,16000.000,193000.000,51200.000,32.128,387.544,102.810,0.906,9.912,4.472,0.015,0.164,0.074,0.03024173167,0.06703032454,0.09727205621,71.04818096,0.04256510337,0.09434488489,0.1369099883,0.09727205621,,,49,47.3,49.7,45.2,45.2,45.2,47.6,36.3,48.6,42.7,46,46,46,45.4
,,,,312.433,201.100,57.907,0.712,2.166,17133.333,181000.000,48433.333,37.130,390.804,104.587,1.047,9.995,4.549,0.018,0.173,0.079,0.03181586895,0.0698809294,0.1016967984,71.21047114,0.04467494631,0.09812671963,0.1428016659,0.1016967984,,,46.73333333,49.03333333,43.86666667,45.03333333,45.03333333,45.03333333,43.4,40.5,45.43333333,45.96666667,48.6,48.6,48.6,48.3
,,,,8.262635025,5.513751553,1.797551285,0.001079825952,0.0946020338,857.1063716,6474.144608,1628.253009,2.572371091,4.125148945,1.039355091,0.07255783313,0.1055071178,0.04520940116,0.001744187966,0.00492336877,0.002735498431,0.0009381465637,0.001627681201,0.002564224851,,0.001249993068,0.002140521672,0.003387944488,0.002564224851,,,2.133279954,3.765329822,6.178767502,3.983442158,3.983442158,3.983442158,3.737246205,3.143300928,6.393851128,2.014292271,3.029956796,3.029956796,3.029956796,1.474270039
,Voda,4,HXB18-W-Carcass-4,367.500,240.736,70.102,0.709,2.440,20600.000,187000.000,52400.000,50.264,456.280,127.856,1.418,11.670,5.561,0.020,0.166,0.079,0.0325927007,0.06839242245,0.1009851232,70.88013425,0.04598284279,0.09649025523,0.142473098,0.1009851232,,,41.4,43.7,39.5,37.6,37.6,37.6,36.6,36.9,37,37.4,40.2,40.2,40.2,43.3
,Voda,5,HXB18-W-Carcass-5,346.100,220.035,64.047,0.709,2.514,20100.000,174000.000,47700.000,50.531,437.436,119.918,1.425,11.188,5.216,0.022,0.175,0.081,0.03343930707,0.07172415777,0.1051634648,70.89235803,0.04716912796,0.1011733278,0.1483424558,0.1051634648,,,37.2,40.6,39.2,36.2,36.2,36.2,38.6,40.8,37.2,35.7,41.6,41.6,41.6,41.3
,Voda,6,HXB18-W-Carcass-6,340.800,213.431,61.434,0.712,2.443,18800.000,176000.000,47400.000,45.928,429.968,115.798,1.295,10.997,5.037,0.021,0.179,0.082,0.03313840484,0.0723507844,0.1054891892,71.21599018,0.04653225316,0.1015934542,0.1481257074,0.1054891892,,,42.2,38.1,36.3,34.5,34.5,34.5,42.8,42.2,37.8,40.2,39.5,39.5,39.5,39.3
,,,,351.467,224.734,65.194,0.710,2.466,19833.333,179000.000,49166.667,48.908,441.228,121.191,1.380,11.285,5.271,0.021,0.173,0.081,0.03305680421,0.07082245487,0.1038792591,70.99616082,0.04656140797,0.09975234575,0.1463137537,0.1038792591,,,40.26666667,40.8,38.33333333,36.1,36.1,36.1,39.33333333,39.96666667,37.33333333,37.76666667,40.43333333,40.43333333,40.43333333,41.3
,,,,8.218539613,8.282613051,2.585140036,0.001107417966,0.02435160613,540.2077467,4069.767442,1630.327658,1.502216887,7.883531932,3.5632837,0.04237242542,0.2016336243,0.1549941148,0.0005922545765,0.003701709908,0.0008154058931,0.0002495124939,0.001237014544,0.001460279619,,0.0003451626365,0.001647007188,0.001934808438,0.001460279619,,,1.561491246,1.631018621,1.027497375,0.9025682963,0.9025682963,0.9025682963,1.839758804,1.596809849,0.242054186,1.321102866,0.6216672454,0.6216672454,0.6216672454,1.162790698
HXB20,Sůl,1,HXB20-S-Carcass-1,310.500,208.699,64.544,0.691,2.026,13000.000,163000.000,43500.000,26.338,330.238,88.131,0.743,8.446,3.833,0.012,0.131,0.059,0.02659278329,0.0585921535,0.08518493679,69.07316278,0.03849944351,0.08482622068,0.1233256642,0.08518493679,,,69.8,47.9,47.9,47.9,51.9,44.8,52.5,44.3,46.3,46.3,46.3,37.3,47.8,40.9
,Sůl,2,HXB20-S-Carcass-2,310.200,206.077,62.592,0.696,1.841,11700.000,168000.000,46600.000,21.540,309.288,85.791,0.608,7.911,3.732,0.010,0.126,0.060,0.02600746424,0.05513135843,0.08113882267,69.62688704,0.03735261671,0.07918113357,0.1165337503,0.08113882267,,,63.2,48.7,48.7,48.7,48.9,49.3,46.6,49.2,51.2,51.2,51.2,51.1,46.1,44.3
,Sůl,3,HXB20-S-Carcass-3,313.200,208.539,62.425,0.701,1.571,10100.000,173000.000,47800.000,15.867,271.783,75.094,0.448,6.951,3.266,0.007,0.111,0.052,0.02235512273,0.04757431934,0.06992944207,70.06555129,0.03190601132,0.06789972885,0.09980574017,0.06992944207,,,58.2,49.4,49.4,49.4,55.5,55.9,52,49.8,50,50,50,44.4,47.3,51.4
,,,,311.300,207.772,63.187,0.696,1.813,11600.000,168000.000,45966.667,21.248,303.770,83.005,0.599,7.769,3.611,0.009,0.123,0.057,0.02498512342,0.05376594376,0.07875106717,69.5885337,0.03591935718,0.07730236104,0.1132217182,0.07875106717,,,63.73333333,48.66666667,48.66666667,48.66666667,52.1,50,50.36666667,47.76666667,49.16666667,49.16666667,49.16666667,44.26666667,47.06666667,45.53333333
,,,,0.9606227699,0.8545367218,0.6849762543,0.00289130642,0.1330345546,844.5255259,2906.976744,1290.03405,3.047401163,17.21839168,4.041064245,0.08595681466,0.4403872208,0.1757763985,0.001267783327,0.005940843048,0.002411363772,0.001335100375,0.003275812505,0.004594809853,,0.002048048088,0.005010598257,0.007037618963,0.004594809853,,,3.382768453,0.4363693895,0.4363693895,0.4363693895,1.92124554,3.245936012,1.902090071,1.754170389,1.484931221,1.484931221,1.484931221,4.012189602,0.5079590086,3.114854181
,Voda,4,HXB20-W-Carcass-4,307.300,200.054,58.587,0.707,1.766,10900.000,166000.000,44300.000,19.249,293.156,78.234,0.543,7.498,3.403,0.009,0.128,0.058,0.02405492951,0.05300120809,0.07705613759,70.71440711,0.03401701363,0.07495107469,0.1089680883,0.07705613759,,,40.4,29,29,29,34.4,34.5,35.2,27.7,33.1,33.1,33.1,29.6,38.7,33.5
,Voda,5,HXB20-W-Carcass-5,309.700,202.869,60.855,0.700,2.055,14100.000,177000.000,44300.000,28.975,363.735,91.036,0.817,9.303,3.960,0.013,0.153,0.065,0.02788362281,0.06550825907,0.09339188188,70.00280969,0.03983214807,0.09357947111,0.1334116192,0.09339188188,,,37.7,29.3,29.3,29.3,33.3,35.5,29,28.8,31.9,31.9,31.9,34.4,32.6,33.7
,Voda,6,HXB20-W-Carcass-6,320.800,210.156,63.655,0.697,2.264,16500.000,176000.000,45500.000,37.356,398.464,103.012,1.054,10.191,4.481,0.017,0.160,0.070,0.03058525015,0.06956497391,0.1001502241,69.71059594,0.04387460721,0.09979110488,0.1436657121,0.1001502241,,,39.2,32.1,32.1,32.1,32.9,34.2,35.5,29.7,34.2,34.2,34.2,35.5,36.6,39.9
,,,,312.600,204.360,61.032,0.701,2.028,13833.333,173000.000,44700.000,28.527,351.785,90.761,0.805,8.997,3.948,0.013,0.147,0.065,0.02750793416,0.06269148036,0.09019941451,70.14260425,0.0392412563,0.08944055023,0.1286818065,0.09019941451,,,39.1,30.13333333,30.13333333,30.13333333,33.53333333,34.73333333,33.23333333,28.73333333,33.06666667,33.06666667,33.06666667,33.16666667,35.96666667,35.7
,,,,4.187257577,3.031025701,1.475959017,0.003001746522,0.1453887542,1633.43469,3536.489843,402.8025134,5.26838919,31.19848697,7.204302947,0.1486033275,0.7979499612,0.3133695355,0.002125052596,0.009797513384,0.003588600314,0.001907750163,0.005019575872,0.006903150939,,0.002880982771,0.007515640231,0.01036384494,0.006903150939,,,0.7864970499,0.9940557057,0.9940557057,0.9940557057,0.4515961317,0.3957476329,2.133279954,0.5823635349,0.6688152685,0.6688152685,0.6688152685,1.824074824,1.801700317,2.115512256
BXH8,Sůl,1,BXH8-S-Carcass-1,265.900,166.910,51.360,0.692,1.633,17100.000,188000.000,51700.000,27.924,307.004,84.426,0.788,7.852,3.672,0.015,0.153,0.072,0.03178129466,0.06795418522,0.09973547988,69.22892577,0.04590753692,0.09815865906,0.144066196,0.09973547988,,,52.7,38.8,38.8,38.8,39.1,44,45.3,36.3,40.4,40.4,40.4,33.4,47.9,41.5
,Sůl,2,BXH8-S-Carcass-2,295.400,185.456,56.541,0.695,1.995,12100.000,109000.000,30400.000,24.140,217.455,60.648,0.681,5.562,2.638,0.012,0.098,0.047,0.02046340207,0.04314277444,0.06360617651,69.512445,0.0294384726,0.06206482082,0.09150329342,0.06360617651,,,42.4,43.3,43.3,43.3,39.6,42.8,49.4,38.7,47.3,47.3,47.3,47.9,44.3,56.5
,Sůl,3,BXH8-S-Carcass-3,287.200,183.221,56.707,0.690,1.989,19000.000,172000.000,46400.000,37.791,342.108,92.290,1.066,8.750,4.014,0.019,0.154,0.071,0.03173065108,0.06916187655,0.1008925276,69.04994515,0.04595318796,0.1001621021,0.14611529,0.1008925276,,,49.9,41.8,41.8,41.8,43.8,42.9,52.4,41.6,41.1,41.1,41.1,47.7,40.3,46.4
,,,,282.833,178.529,54.869,0.693,1.872,16066.667,156333.333,42833.333,29.952,288.856,79.121,0.845,7.388,3.442,0.015,0.135,0.063,0.0279917826,0.06008627873,0.08807806134,69.26377197,0.04043306583,0.08679519399,0.1272282598,0.08807806134,,,48.33333333,41.3,41.3,41.3,40.83333333,43.23333333,49.03333333,38.86666667,42.93333333,42.93333333,42.93333333,43,44.16666667,48.13333333
,,,,8.852941423,5.886170008,1.767619171,0.001355876053,0.1205177072,2072.193944,24282.10278,6447.025187,4.097633917,37.37071686,9.578105392,0.1155803061,0.9558143669,0.4166241286,0.001963904606,0.01854210248,0.008222948673,0.003790591838,0.008538328288,0.01232626082,,0.00553582814,0.01246543306,0.01799749298,0.01232626082,,,3.09635101,1.332144097,1.332144097,1.332144097,1.500781,0.3871120999,2.072193944,1.542981341,2.208026968,2.208026968,2.208026968,4.833979803,2.210322082,4.446946031
,Voda,4,BXH8-W-Carcass-4,277.600,178.130,53.872,0.698,1.689,13800.000,191000.000,55300.000,23.308,322.599,93.402,0.657,8.251,4.063,0.012,0.153,0.075,0.03269604547,0.06640194232,0.09909798778,69.7569191,0.04687140127,0.09519047454,0.1420618758,0.09909798778,,,40.6,35.3,35.3,35.3,40.5,36.1,38.9,35.2,36.3,36.3,36.3,41.5,34.5,35
,Voda,5,BXH8-W-Carcass-5,263.800,168.310,52.162,0.690,1.730,14500.000,165000.000,46600.000,25.085,285.450,80.618,0.708,7.301,3.507,0.014,0.140,0.067,0.03019152782,0.06285798237,0.09304951019,69.0083774,0.0437505256,0.0910874661,0.1348379917,0.09304951019,,,41.5,35.3,35.3,35.3,36.9,34.1,32.3,33,35.6,35.6,35.6,34.7,34.1,35.4
,Voda,6,BXH8-W-Carcass-6,258.600,164.401,50.251,0.694,1.673,14600.000,183000.000,50600.000,24.426,306.159,84.654,0.689,7.830,3.682,0.014,0.156,0.073,0.03225784486,0.06859828216,0.100856127,69.43388422,0.04645836139,0.09879655003,0.1452549114,0.100856127,,,38.2,27.4,27.4,27.4,41,39,35.3,32.7,36.5,36.5,36.5,38.6,44.7,39.1
,,,,266.667,170.280,52.095,0.694,1.697,14300.000,179666.667,50833.333,24.273,304.736,86.225,0.685,7.794,3.751,0.013,0.150,0.072,0.03171513938,0.06595273562,0.097667875,69.39972691,0.04569342942,0.09502483022,0.1407182596,0.097667875,,,40.1,32.66666667,32.66666667,32.66666667,39.46666667,36.4,35.5,33.63333333,36.13333333,36.13333333,36.13333333,38.26666667,37.76666667,36.5
,,,,5.708737874,4.112443207,1.053156713,0.002182779231,0.01709275958,253.4243572,7742.241998,2531.797068,0.5222100143,10.82286996,3.799411723,0.01472976711,0.2768117786,0.1652651055,0.0004831434623,0.00493815837,0.002469116467,0.0007776473215,0.001683950223,0.002380864248,,0.0009855992073,0.002242564202,0.003102823277,0.002380864248,,,0.9917861691,2.651783213,2.651783213,2.651783213,1.300472796,1.432405232,1.92124554,0.7936277221,0.2747567225,0.2747567225,0.2747567225,1.983856335,3.49289113,1.314262158
HXB2,Sůl,1,HXB2-S-Carcass-1,327.100,206.588,66.486,0.678,2.205,16500.000,173000.000,46200.000,36.383,381.465,101.871,1.026,9.757,4.431,0.015,0.147,0.067,0.03162794983,0.06963899377,0.1012669436,67.81710458,0.04663712794,0.1026864745,0.1493236024,0.1012669436,,,67.6,57.6,67,63.4,59.1,59.1,59.1,63.2,57.7,62.3,66,58.7,58.7,58.7
,Sůl,2,HXB2-S-Carcass-2,315.500,192.896,62.240,0.677,1.935,16500.000,183000.000,50600.000,31.928,354.105,97.911,0.901,9.057,4.259,0.014,0.146,0.068,0.03259619707,0.06931780887,0.1019140059,67.73390843,0.0481238981,0.1023384158,0.1504623139,0.1019140059,,,79.6,64.4,86.7,69.1,69.6,69.6,69.6,76.4,73.4,82.1,85.2,74,74,74
,Sůl,3,HXB2-S-Carcass-3,315.800,201.110,64.388,0.680,2.136,17100.000,183000.000,50700.000,36.526,390.888,108.295,1.030,9.998,4.711,0.016,0.155,0.073,0.03445367969,0.07312334684,0.1075770265,67.98369052,0.05067933122,0.1075601314,0.1582394626,0.1075770265,,,78.5,80.4,92.2,75.2,72.8,72.8,72.8,68.3,82.5,66.9,77.8,72.7,72.7,72.7
,,,,319.467,200.198,64.371,0.678,2.092,16700.000,179666.667,49166.667,34.945,375.486,102.692,0.986,9.604,4.467,0.015,0.149,0.069,0.03289260886,0.07069338316,0.103585992,67.84490117,0.04848011909,0.1041950072,0.1526751263,0.103585992,,,75.23333333,67.46666667,81.96666667,69.23333333,67.16666667,67.16666667,67.16666667,69.3,71.2,70.43333333,76.33333333,68.46666667,68.46666667,68.46666667
,,,,3.844396605,4.006633392,1.234330852,0.000739475949,0.08155507584,201.4012567,3356.687612,1494.008827,1.519990772,11.1084342,3.046862546,0.04287376624,0.2841155293,0.1325310593,0.0004502748889,0.003089077091,0.001956699558,0.0008348809425,0.001227051729,0.00201828276,,,,,,,,3.856686532,6.805389226,7.703506655,3.430889439,4.166756805,4.166756805,4.166756805,3.870102149,7.293905307,6.02448283,5.630036755,4.932046799,4.932046799,4.932046799
,Voda,4,HXB2-W-Carcass-4,286.700,182.223,56.661,0.689,1.879,14700.000,176000.000,48400.000,27.621,330.704,90.944,0.779,8.458,3.956,0.014,0.149,0.070,0.03150494486,0.06736329912,0.09886824399,68.9056815,0.04572183916,0.09776160348,0.1434834426,0.09886824399,,,43.2,36.7,45.8,35.8,39.1,39.1,39.1,41.6,41.5,33.7,41.9,40,40,40
,Voda,5,HXB2-W-Carcass-5,307.900,196.393,62.300,0.683,1.933,17500.000,182000.000,47600.000,33.827,351.806,92.011,0.954,8.998,4.002,0.015,0.144,0.064,0.02984678151,0.06710258645,0.09694936796,68.27789178,0.0437136835,0.09827864438,0.1419923279,0.09694936796,,,45.8,36.2,46.2,42,39,39,39,41.6,43.1,36.7,42.5,37.5,37.5,37.5
,Voda,6,HXB2-W-Carcass-6,335.500,208.395,63.862,0.694,2.059,13500.000,192000.000,52300.000,27.797,395.328,107.686,0.784,10.111,4.684,0.012,0.158,0.073,0.03240826827,0.06995724265,0.1023655109,69.35531083,0.04672788266,0.1008678958,0.1475957784,0.1023655109,,,45.1,48.2,47,39.8,43.8,43.8,43.8,45.9,39.4,40.1,42,44.8,44.8,44.8
,,,,310.033,195.670,60.941,0.688,1.957,15233.333,183333.333,49433.333,29.748,359.279,96.880,0.839,9.189,4.214,0.014,0.151,0.069,0.03125333155,0.06814104274,0.09939437429,68.8462947,0.04538780177,0.09896938121,0.144357183,0.09939437429,,,44.7,40.36666667,46.33333333,39.2,40.63333333,40.63333333,40.63333333,43.03333333,41.33333333,36.83333333,42.13333333,40.76666667,40.76666667,40.76666667
,,,,14.2266543,7.616835621,2.202311538,0.003146273163,0.05370280576,1193.395684,4699.362656,1461.990637,2.054454263,19.15918995,5.449524798,0.05794916221,0.4900261636,0.2370409833,0.0008833848983,0.004101122791,0.002668972657,0.0007553186076,0.0009175975773,0.001596590486,,,,,,,,0.7821874446,3.946785243,0.355238426,1.827469029,1.594691595,1.594691595,1.594691595,1.443375673,1.078850051,1.861675963,0.1868924566,2.156916671,2.156916671,2.156916671
HXB15,Sůl,1,HXB15-S-Carcass-1,301.400,191.117,57.724,0.698,2.159,15500.000,182000.000,46700.000,33.465,392.938,100.825,0.944,10.050,4.386,0.016,0.174,0.076,0.03287768952,0.07534130107,0.1082189906,69.79651208,0.04710506089,0.1079442207,0.1550492816,0.1082189906,,,50.2,48.3,49.8,54.6,45.9,45.9,45.9,47,46.3,55.3,52,50,50,50
,Sůl,2,HXB15-S-Carcass-2,289.500,187.885,58.329,0.690,1.916,20100.000,203000.000,52000.000,38.512,388.948,99.632,1.086,9.948,4.334,0.019,0.171,0.074,0.0334507704,0.07678495555,0.110235726,68.95494584,0.04851105311,0.1113552547,0.1598663078,0.110235726,,,46.6,45.4,53.3,46.2,46.5,46.5,46.5,38.4,41.3,47.9,45.7,45.6,45.6,45.6
,Sůl,3,HXB15-S-Carcass-3,295.500,191.083,57.122,0.701,2.234,15000.000,148000.000,37500.000,33.510,330.632,83.775,0.945,8.456,3.644,0.017,0.148,0.064,0.02720200165,0.063126052,0.09032805364,70.10618422,0.03880114422,0.09004348575,0.12884463,0.09032805364,,,40.8,39,48.9,36.5,40.6,40.6,40.6,34.3,41.7,41.4,42.3,43,43,43
,,,,295.467,190.028,57.725,0.696,2.103,16866.667,177666.667,45400.000,35.162,370.839,94.744,0.992,9.485,4.121,0.017,0.164,0.071,0.03117682052,0.07175076954,0.1029275901,69.61921405,0.04480575274,0.1031143204,0.1479200731,0.1029275901,,,45.86666667,44.23333333,50.66666667,45.76666667,44.33333333,44.33333333,44.33333333,39.9,43.1,48.2,46.66666667,46.2,46.2,46.2
,,,,3.459343039,1.079220327,0.3508724543,0.00346364002,0.09664637553,1634.469055,16136.55782,4265.635509,1.686569206,20.27771846,5.533859385,0.04757237687,0.5186342745,0.2407093313,0.0007318220511,0.008217025015,0.003838902519,0.002008255528,0.0043628036,0.006370937656,,,,,,,,2.757391692,2.766570445,1.351457626,5.266149712,1.887819734,1.887819734,1.887819734,3.768321029,1.615400464,4.043520011,2.861465446,2.057186746,2.057186746,2.057186746
,Voda,4,HXB15-W-Carcass-4,260.200,167.121,51.853,0.690,1.884,14500.000,179000.000,45900.000,27.318,337.236,86.476,0.771,8.625,3.761,0.015,0.166,0.073,0.03263244638,0.07482854436,0.1074609907,68.9727802,0.04731206467,0.1084899639,0.1558020286,0.1074609907,,,36.3,32.8,43,33.4,29.8,29.8,29.8,33.6,33.3,28.6,29.3,31.2,31.2,31.2
,Voda,5,HXB15-W-Carcass-5,276.600,175.570,53.653,0.694,1.955,19100.000,174000.000,44800.000,37.341,340.170,87.584,1.053,8.700,3.810,0.020,0.162,0.071,0.03124822227,0.07136312637,0.1026113486,69.44067893,0.04499988011,0.1027684744,0.1477683545,0.1026113486,,,36.6,30.3,39.5,31.7,31,31,31,31,30.3,30.9,31.8,34.2,34.2,34.2
,Voda,6,HXB15-W-Carcass-6,269.500,172.293,52.398,0.696,1.984,16900.000,175000.000,45300.000,33.530,347.200,89.875,0.946,8.880,3.909,0.018,0.169,0.075,0.03260645651,0.07406632046,0.106672777,69.58785325,0.04685653457,0.1064357025,0.1532922371,0.106672777,,,32.8,28.3,36.8,30.5,28.7,28.7,28.7,31.6,28.5,29.7,31.5,30.9,30.9,30.9
,,,,268.767,171.661,52.635,0.693,1.941,16833.333,176000.000,45333.333,32.729,341.535,87.978,0.923,8.735,3.827,0.018,0.166,0.073,0.03216237505,0.0734193304,0.1055817054,69.33377079,0.04638949312,0.1058980469,0.1522875401,0.1055817054,,,35.23333333,30.46666667,39.76666667,31.86666667,29.83333333,29.83333333,29.83333333,32.06666667,30.7,29.73333333,30.86666667,32.1,32.1,32.1
,,,,4.781719027,2.476611276,0.5366528923,0.001867272486,0.02991221156,1337.630537,1538.227506,320.20759,2.941246064,2.976972723,1.007996807,0.08296254062,0.07614072027,0.0438453926,0.001412790761,0.002133848134,0.00105110332,0.0004603408009,0.001058750714,0.001513034333,,,,,,,,1.228290843,1.310828417,1.807319912,0.8471896509,0.6688152685,0.6688152685,0.6688152685,0.7914952658,1.409808797,0.6688152685,0.7936277221,1.060946953,1.060946953,1.060946953
Kmen,Dieta,Číslo,Označení pro ALS,Body Weight (g),Skin Wet weight (g),Skin Dry Weight (g),Skin relative water,Skin Ash weight (g),Cl- (mg/kg),K+ (mg/kg),Na+ (mg/kg),Total  Cl- in skin (mg),Total K+ in skin (mg),Total Na+ in skin (mg),Total  Cl- in skin (mmol),Total K+ in skin (mmol),Total Na+ in skin (mmol),rSkin Cl- (mmol /g DW),rSkin K+ (mmol /g DW),rSkin Na+ (mmol /g DW),Skin Na+/Skin W,Skin K+/Skin W,Skin (Na + K)/Skin W,%W,rskin Na+/rW,rskin K+/rW,rskin Na+K/rW,rskin (Na+K),,Water/salt consuption,Day 2,Day 3,Day 4,Day 5,Day 6,Day 7,Day 8,Day 9,Day 10,Day 11,Day 12,Day 13,Day 14,Day 15
BXH3,Sůl,1,BXH3-S-Skin-1,286.600,58.010,23.637,0.593,0.532,142000.000,78000.000,143000.000,75.493,41.468,76.024,2.129,1.061,3.307,0.090,0.045,0.140,0.09620508252,0.0308555932,0.1270606757,59.25376561,0.2361079102,0.0757262448,0.311834155,0.185,,,,,,,,,,,,,,,,
,Sůl,2,BXH3-S-Skin-2,308.400,61.603,23.115,0.625,0.597,145000.000,156000.000,137000.000,86.553,93.119,81.778,2.441,2.382,3.557,0.106,0.103,0.154,0.09242086944,0.06188015594,0.1543010254,62.47777021,0.2463096408,0.1649159879,0.4112256287,0.257,,,,,,,,,,,,,,,,
,Sůl,3,BXH3-S-Skin-3,306.600,58.917,23.711,0.598,0.493,116000.000,169000.000,142000.000,57.211,83.351,70.035,1.614,2.132,3.046,0.068,0.090,0.128,0.08653022367,0.06055409322,0.1470843169,59.75456099,0.2150062859,0.1504620019,0.3654682878,0.218,,,,,,,,,,,,,,,,
,,,,300.533,59.510,23.488,0.605,0.541,134333.333,134333.333,140666.667,73.086,72.646,75.946,2.062,1.858,3.303,0.088,0.079,0.141,0.09171872521,0.05109661412,0.1428153393,60.4953656,0.2324746123,0.1303680782,0.3628426905,0.220,,,,,,,,,,,,,,,,
,,,,7.034963802,1.086454986,0.1889285139,0.0100870753,0.03048494189,9271.995127,28614.65446,1868.924566,8.615255115,15.9531156,3.413944849,0.2430070239,0.4080258118,0.1484982405,0.01097317499,0.0177363465,0.007399891405,0.002834591717,0.01019870534,0.008205243276,,0.009281875184,0.0278313346,0.0289230985,0.02099047934,,,,,,,,,,,,,,,,
,Voda,4,BXH3-W-Skin-4,286.200,55.440,23.313,0.579,0.471,143000.000,164000.000,143000.000,67.371,77.265,67.371,1.900,1.976,2.930,0.082,0.085,0.126,0.09121438534,0.06151038779,0.1527247731,57.94982158,0.2169179508,0.1462785417,0.3631964925,0.210,,,,,,,,,,,,,,,,
,Voda,5,BXH3-W-Skin-5,264.000,55.173,22.831,0.586,0.462,85100.000,153000.000,111000.000,39.286,70.632,51.243,1.108,1.807,2.229,0.049,0.079,0.098,0.06891767703,0.05585684494,0.124774522,58.61876188,0.1665432939,0.1349810868,0.3015243807,0.177,,,,,,,,,,,,,,,,
,Voda,6,BXH3-W-Skin-6,285.300,58.000,24.172,0.583,0.459,89000.000,172000.000,130000.000,40.885,79.015,59.720,1.153,2.021,2.598,0.048,0.084,0.107,0.0767909053,0.05974096049,0.1365318658,58.3245625,0.1842593861,0.1433481304,0.3276075165,0.191,,,,,,,,,,,,,,,,
,,,,278.500,56.204,23.439,0.583,0.464,105700.000,163000.000,128000.000,49.181,75.637,59.445,1.387,1.935,2.586,0.059,0.082,0.110,0.07897432256,0.05903606441,0.138010387,58.29771532,0.1892402103,0.1415359196,0.3307761299,0.193,,,,,,,,,,,,,,,,
,,,,7.305481839,0.9073102479,0.3947430474,0.001949286556,0.003621949561,18814.85538,5546.158148,9356.672639,9.170699011,2.571080915,4.690636999,0.2586742057,0.06575940426,0.2040312225,0.01121102608,0.001732816165,0.008282831511,0.006574172313,0.001681358313,0.008159105493,,0.01485698875,0.003408544113,0.0179987871,0.009839732494,,,,,,,,,,,,,,,,
HXB13,Sůl,1,HXB13-S-Skin-1,331.700,57.489,22.544,0.608,0.553,138000.000,184000.000,119000.000,76.345,101.793,65.834,2.153,2.604,2.864,0.096,0.115,0.127,0.08194607047,0.07450343783,0.1564495083,60.78509696,0.2089666533,0.189987561,0.3989542142,0.243,,,,,,,,,,,,,,,,
,Sůl,2,HXB13-S-Skin-2,347.700,60.861,23.562,0.613,0.588,145000.000,180000.000,120000.000,85.322,105.917,70.611,2.407,2.709,3.071,0.102,0.115,0.130,0.08234570021,0.07262890632,0.1549746065,61.2857264,0.2127011372,0.1876023998,0.400303537,0.245,,,,,,,,,,,,,,,,
,Sůl,3,HXB13-S-Skin-3,379.900,68.081,25.598,0.624,0.626,133000.000,183000.000,123000.000,83.271,114.576,77.010,2.349,2.930,3.350,0.092,0.114,0.131,0.07884917776,0.06897956729,0.147828745,62.40053862,0.2097082641,0.183458924,0.3931671881,0.245,,,,,,,,,,,,,,,,
,,,,353.100,62.144,23.902,0.615,0.589,138666.667,182333.333,120666.667,81.646,107.429,71.152,2.303,2.748,3.095,0.096,0.115,0.129,0.08104698281,0.07203730381,0.1530842866,61.49045399,0.2104586849,0.1870162949,0.3974749798,0.244,,,,,,,,,,,,,,,,
,,,,14.27298939,3.146103557,0.9040611098,0.004807854745,0.02118889919,3504.484752,1210.27093,1210.27093,2.734830666,3.793199108,3.260402404,0.07714026481,0.09701698303,0.1418195201,0.003056787955,0.0002920963725,0.001212805764,0.001112682899,0.001633170643,0.002680691064,,0.001149479203,0.001920666111,0.002204168591,0.0009496045159,,,,,,,,,,,,,,,,
,Voda,4,HXB13-W-Skin-4,377.900,68.378,26.688,0.610,0.625,140000.000,179000.000,126000.000,87.495,111.869,78.746,2.468,2.861,3.425,0.092,0.107,0.128,0.08215987462,0.06863088074,0.1507907554,60.97016625,0.2105053154,0.1758421037,0.3863474191,0.236,,,,,,,,,,,,,,,,
,Voda,5,HXB13-W-Skin-5,380.000,65.573,24.511,0.626,0.646,150000.000,168000.000,126000.000,96.940,108.573,81.430,2.734,2.777,3.542,0.112,0.113,0.145,0.08625970835,0.06762761017,0.1538873185,62.62001653,0.2307644369,0.1809193154,0.4116837522,0.258,,,,,,,,,,,,,,,,
,Voda,6,HXB13-W-Skin-6,350.000,60.667,23.052,0.620,0.602,145000.000,174000.000,122000.000,87.221,104.666,73.386,2.460,2.677,3.192,0.107,0.116,0.138,0.0848638351,0.07116875857,0.1560325937,62.00188372,0.223336953,0.1872954913,0.4106324444,0.255,,,,,,,,,,,,,,,,
,,,,369.300,64.873,24.750,0.619,0.624,145000.000,173666.667,124666.667,90.552,108.369,77.854,2.554,2.772,3.386,0.104,0.112,0.137,0.08442780603,0.06914241649,0.1535702225,61.86402217,0.2215355684,0.1813523035,0.4028878719,0.249,,,,,,,,,,,,,,,,
,,,,9.736766615,2.269100092,1.063641814,0.0048460474,0.01301148031,2906.976744,3202.0759,1342.675045,3.217390975,2.096482924,2.380991244,0.09075164868,0.05362082043,0.1035672883,0.005767301774,0.002648338883,0.004747504829,0.001211864203,0.001061135649,0.001532131697,,0.005958713552,0.003336603086,0.008333775492,0.006990734044,,,,,,,,,,,,,,,,
BXH12,Sůl,1,BXH12-S-Skin-1,238.000,39.660,16.145,0.593,0.373,150000.000,182000.000,137000.000,55.995,67.941,51.142,1.579,1.738,2.225,0.098,0.108,0.138,0.09460274714,0.07389786432,0.1685006115,59.29044542,0.2323846284,0.1815246201,0.4139092485,0.245,,,,,,,,,,,,,,,,
,Sůl,2,BXH12-S-Skin-2,246.500,41.940,16.364,0.610,0.460,123000.000,159000.000,118000.000,56.637,73.213,54.334,1.598,1.873,2.363,0.098,0.114,0.144,0.09240594169,0.07321369619,0.1656196379,60.98263742,0.2368328754,0.1876438881,0.4244767635,0.259,,,,,,,,,,,,,,,,
,Sůl,3,BXH12-S-Skin-3,237.200,38.947,15.463,0.603,0.367,141000.000,183000.000,142000.000,51.682,67.077,52.049,1.458,1.716,2.264,0.094,0.111,0.146,0.09640540299,0.07305356904,0.169458972,60.29788859,0.242821854,0.1840042417,0.4268260957,0.257,,,,,,,,,,,,,,,,
,,,,240.567,40.182,15.991,0.602,0.400,138000.000,174666.667,132333.333,54.771,69.410,52.508,1.545,1.775,2.284,0.097,0.111,0.143,0.09447136394,0.07338837652,0.1678597405,60.19032381,0.2373464526,0.1843909167,0.4217373692,0.254,,,,,,,,,,,,,,,,
,,,,2.996490045,0.9091327798,0.2733779177,0.00494888722,0.03045506526,7992.864584,7893.570486,7361.790664,1.566559291,1.931223448,0.9563927716,0.04418730566,0.04939405161,0.04160074344,0.001158607841,0.001977915479,0.002628853246,0.001164514541,0.0002607177585,0.001161795853,,0.003045076706,0.001789479576,0.004000213206,0.004286105984,,,,,,,,,,,,,,,,
,Voda,4,BXH12-W-Skin-4,243.600,41.792,16.570,0.604,0.414,93300.000,158000.000,114000.000,38.661,65.471,47.238,1.090,1.675,2.055,0.066,0.101,0.124,0.08146381088,0.06638871714,0.147852528,60.35270076,0.2054712741,0.1674482712,0.3729195452,0.225,,,,,,,,,,,,,,,,
,Voda,5,BXH12-W-Skin-5,255.800,44.483,17.219,0.613,0.460,99600.000,162000.000,122000.000,45.845,74.567,56.155,1.293,1.907,2.443,0.075,0.111,0.142,0.08958943586,0.06995025536,0.1595396912,61.29191206,0.2314488796,0.1807122467,0.4121611263,0.253,,,,,,,,,,,,,,,,
,Voda,6,BXH12-W-Skin-6,244.800,42.833,16.561,0.613,0.469,102000.000,155000.000,113000.000,47.801,72.639,52.956,1.348,1.858,2.303,0.081,0.112,0.139,0.08767442813,0.07071369239,0.1583881205,61.33722344,0.2267670248,0.1828986397,0.4096656645,0.251,,,,,,,,,,,,,,,,
,,,,248.067,43.036,16.783,0.610,0.448,98300.000,158333.333,116333.333,44.102,70.892,52.116,1.244,1.813,2.267,0.074,0.108,0.135,0.08624255829,0.06901755497,0.1552601133,60.99394542,0.2212290595,0.1770197192,0.3982487787,0.243,,,,,,,,,,,,,,,,
,,,,3.90935236,0.788773792,0.2193548964,0.003231372727,0.01698810663,2612.400225,2041.793363,2867.955153,2.798103178,2.786580263,2.626315155,0.07892496701,0.07127113616,0.1142382776,0.004563255583,0.003520015301,0.005586187314,0.002469673673,0.001342104319,0.003744735264,,0.008049980615,0.004860984634,0.01277396346,0.009032058927,,,,,,,,,,,,,,,,
HXB10,Sůl,1,HXB10-S-Skin-1,239.300,41.094,16.877,0.589,0.418,131000.000,170000.000,130000.000,54.751,71.051,54.333,1.544,1.817,2.363,0.092,0.108,0.140,0.09759521986,0.07504321544,0.1726384353,58.92916022,0.2376265506,0.1827165352,0.4203430858,0.248,,,,,,,,,,,,,,,,
,Sůl,2,HXB10-S-Skin-2,233.000,39.562,16.780,0.576,0.362,148000.000,180000.000,140000.000,53.636,65.233,50.737,1.513,1.668,2.207,0.090,0.099,0.132,0.0968682929,0.07323242816,0.1701007211,57.5868133,0.2283919235,0.1726642911,0.4010562146,0.231,,,,,,,,,,,,,,,,
,Sůl,3,HXB10-S-Skin-3,240.800,40.402,17.272,0.573,0.372,140000.000,173000.000,130000.000,52.040,64.306,48.323,1.468,1.645,2.102,0.085,0.095,0.122,0.09087424096,0.07110839328,0.1619826342,57.25022677,0.2125724515,0.1663363052,0.3789087567,0.217,,,,,,,,,,,,,,,,
,,,,237.700,40.352,16.976,0.579,0.384,139666.667,174333.333,133333.333,53.476,66.864,51.131,1.508,1.710,2.224,0.089,0.101,0.131,0.09511258457,0.07312801229,0.1682405969,57.92206676,0.2261969752,0.1739057105,0.4001026857,0.232,,,,,,,,,,,,,,,,
,,,,2.406302568,0.4457927186,0.1514037742,0.005164285034,0.01729537052,4944.709621,2983.489209,3356.687612,0.7923531965,2.125735193,1.758543934,0.02234958681,0.05436899285,0.07649235463,0.002000523971,0.003680765173,0.005333982238,0.002144456324,0.00114505122,0.003236109946,,0.007366541053,0.004802544673,0.01205442773,0.008958883216,,,,,,,,,,,,,,,,
,Voda,4,HXB10-W-Skin-4,227.900,38.862,16.580,0.573,0.338,98500.000,173000.000,129000.000,33.266,58.426,43.566,0.938,1.494,1.895,0.057,0.090,0.114,0.08504657597,0.06706416856,0.1521107445,57.33715894,0.1993457863,0.1571957396,0.3565415259,0.204,,,,,,,,,,,,,,,,
,Voda,5,HXB10-W-Skin-5,228.800,42.157,17.566,0.583,0.402,134000.000,179000.000,130000.000,53.810,71.880,52.203,1.518,1.838,2.271,0.086,0.105,0.129,0.09234116991,0.07476225112,0.167103421,58.33103552,0.2216065867,0.1794195082,0.4010260949,0.234,,,,,,,,,,,,,,,,
,Voda,6,HXB10-W-Skin-6,221.300,38.340,15.775,0.589,0.336,131000.000,130000.000,143000.000,44.079,43.742,48.116,1.243,1.119,2.093,0.079,0.071,0.133,0.09275207175,0.04958019749,0.1423322692,58.85527392,0.225428823,0.1205019506,0.3459307736,0.204,,,,,,,,,,,,,,,,
,,,,226.000,39.786,16.640,0.582,0.359,121166.667,160666.667,134000.000,43.718,58.016,47.962,1.233,1.484,2.086,0.074,0.089,0.125,0.09004660588,0.06380220572,0.1538488116,58.17448946,0.2154603987,0.1523723995,0.3678327981,0.214,,,,,,,,,,,,,,,,
,,,,2.380883166,1.203331172,0.5217141045,0.00448296259,0.02164184236,11446.00944,15538.96224,4540.842835,5.974857839,8.182271262,2.512017802,0.1685304036,0.2092743486,0.1092666227,0.009006645172,0.009838293019,0.00568341115,0.002520362877,0.007502349042,0.0072538978,,0.008189483825,0.01729852055,0.01699518379,0.01004210662,,,,,,,,,,,,,,,,
HXB17,Sůl,1,HXB17-S-Skin-1,280.100,48.960,19.204,0.608,0.449,157000.000,194000.000,133000.000,70.427,87.024,59.661,1.987,2.226,2.595,0.103,0.116,0.135,0.087212666,0.07480092529,0.1620135913,60.7767692,0.2223495215,0.1907056705,0.413055192,0.251,,,,,,,,,,,,,,,,
,Sůl,2,HXB17-S-Skin-2,296.600,51.281,19.834,0.613,0.458,166000.000,183000.000,137000.000,76.002,83.785,62.724,2.144,2.143,2.728,0.108,0.108,0.138,0.08675906226,0.06814322608,0.1549022883,61.32337723,0.2243191262,0.1761871156,0.4005062419,0.246,,,,,,,,,,,,,,,,
,Sůl,3,HXB17-S-Skin-3,289.900,48.643,19.540,0.598,0.451,152000.000,176000.000,132000.000,68.484,79.297,59.473,1.932,2.028,2.587,0.099,0.104,0.132,0.08888805403,0.06968823315,0.1585762872,59.83011781,0.2212803453,0.1734837877,0.394764133,0.236,,,,,,,,,,,,,,,,
,,,,288.867,49.628,19.526,0.606,0.452,158333.333,184333.333,134000.000,71.637,83.369,60.619,2.021,2.132,2.637,0.103,0.109,0.135,0.08761992743,0.0708774615,0.1584973889,60.64342141,0.2226496644,0.1801255246,0.402775189,0.244,,,,,,,,,,,,,,,,
,,,,4.824647337,0.8375637308,0.183364216,0.004392487647,0.002836514385,4124.766793,5275.448678,1538.227506,2.268851708,2.256155208,1.061248469,0.06399658441,0.05770468812,0.04616170948,0.002681883864,0.003571947009,0.001503227378,0.0006519793198,0.002025888569,0.002067620892,,0.000896200075,0.005384788517,0.005438511452,0.004369274848,,,,,,,,,,,,,,,,
,Voda,4,HXB17-W-Skin-4,278.000,50.789,20.218,0.602,0.446,135000.000,179000.000,132000.000,60.154,79.760,58.817,1.697,2.040,2.558,0.084,0.101,0.127,0.08368643013,0.06672851508,0.1504149452,60.19239106,0.2102272212,0.1676275387,0.3778547599,0.227,,,,,,,,,,,,,,,,
,Voda,5,HXB17-W-Skin-5,271.700,49.346,18.871,0.618,0.580,90300.000,134000.000,97000.000,52.369,77.713,56.255,1.477,1.988,2.447,0.078,0.105,0.130,0.08029193479,0.06522022697,0.1455121618,61.75891398,0.2099624858,0.1705501432,0.380512629,0.235,,,,,,,,,,,,,,,,
,Voda,6,HXB17-W-Skin-6,289.700,51.737,20.882,0.596,0.476,158000.000,181000.000,130000.000,75.177,86.120,61.854,2.120,2.203,2.691,0.102,0.105,0.129,0.08719899002,0.0713877996,0.1585867896,59.63821253,0.2160434299,0.1768697674,0.3929131973,0.234,,,,,,,,,,,,,,,,
,,,,279.800,50.624,19.990,0.605,0.500,127766.667,164666.667,119666.667,62.567,81.198,58.976,1.765,2.077,2.565,0.088,0.104,0.128,0.08372578498,0.06777884722,0.1515046322,60.52983919,0.2120777123,0.1716824831,0.3837601954,0.232,,,,,,,,,,,,,,,,
,,,,5.310466517,0.6999033879,0.5958530451,0.006394680432,0.04098210957,20014.38887,15451.70486,11427.5372,6.740503107,2.549000523,1.629713552,0.1901266506,0.0651946638,0.07088854848,0.007056506431,0.001513477301,0.0009430038391,0.002007962668,0.00186926844,0.003840160809,,0.00199823377,0.00274652191,0.004672883512,0.002432649027,,,,,,,,,,,,,,,,
HXB1,Sůl,1,HXB1-S-Skin-1,297.700,59.157,23.771,0.598,0.502,152000.000,167000.000,141000.000,76.243,83.767,70.726,2.151,2.142,3.076,0.090,0.090,0.129,0.08693881619,0.06054641026,0.1474852265,59.81704635,0.2163574559,0.1506768537,0.3670343095,0.220,,,,,,,,,,,,,,,,
,Sůl,2,HXB1-S-Skin-2,321.800,63.260,24.743,0.609,0.539,152000.000,177000.000,144000.000,81.881,95.348,77.571,2.310,2.439,3.374,0.093,0.099,0.136,0.08760345953,0.06331539928,0.1509188588,60.88594121,0.2239692383,0.1618737642,0.3858430024,0.235,,,,,,,,,,,,,,,,
,Sůl,3,HXB1-S-Skin-3,281.800,52.896,19.973,0.622,0.482,107000.000,157000.000,131000.000,51.527,75.606,63.085,1.453,1.934,2.744,0.073,0.097,0.137,0.08334715349,0.05873492892,0.1420820824,62.24059792,0.2207321856,0.155550474,0.3762826596,0.234,,,,,,,,,,,,,,,,
,,,,300.433,58.438,22.829,0.610,0.507,137000.000,167000.000,138666.667,69.884,84.907,70.461,1.971,2.172,3.065,0.086,0.095,0.134,0.08596314307,0.06086557948,0.1468287226,60.98119516,0.2203529599,0.1560336973,0.3763866572,0.230,,,,,,,,,,,,,,,,
,,,,11.70906753,3.034288484,1.465474988,0.007061513912,0.0168509514,15105.09425,5813.953488,3957.476329,9.386692775,5.767692434,4.213263962,0.2647666546,0.1475177293,0.1832666644,0.006478064078,0.002586587176,0.002520479351,0.001331254284,0.001341194633,0.002590010393,,0.002220950555,0.00326399666,0.005467894028,0.005043875888,,,,,,,,,,,,,,,,
,Voda,4,HXB1-W-Skin-4,320.300,63.574,25.039,0.606,0.557,132000.000,164000.000,128000.000,73.486,91.300,71.259,2.073,2.335,3.100,0.083,0.093,0.124,0.0804360338,0.06059849591,0.1410345297,60.61415894,0.2042257614,0.1538585803,0.3580843417,0.217,,,,,,,,,,,,,,,,
,Voda,5,HXB1-W-Skin-5,326.200,62.833,27.141,0.568,0.535,127000.000,152000.000,123000.000,67.897,81.262,65.758,1.915,2.078,2.860,0.071,0.077,0.105,0.08013816392,0.05823112532,0.1383692892,56.80521462,0.1855274039,0.1348105444,0.3203379483,0.182,,,,,,,,,,,,,,,,
,Voda,6,HXB1-W-Skin-6,307.100,59.360,23.678,0.601,0.471,133000.000,162000.000,141000.000,62.699,76.371,66.471,1.769,1.953,2.891,0.075,0.082,0.122,0.08102980313,0.0547416652,0.1357714683,60.11135935,0.2031400464,0.1372362264,0.3403762729,0.205,,,,,,,,,,,,,,,,
,,,,317.867,61.922,25.286,0.592,0.521,130666.667,159333.333,130666.667,68.027,82.978,67.829,1.919,2.122,2.950,0.076,0.084,0.117,0.08053466695,0.05785709547,0.1383917624,59.17691097,0.1976310706,0.1419684504,0.3395995209,0.201,,,,,,,,,,,,,,,,
,,,,5.68589591,1.308030504,1.014246909,0.01203068336,0.02573494934,1868.924566,3737.849132,5402.077467,3.136304205,4.42522287,1.739194553,0.08846446687,0.1131819765,0.07565070394,0.003613505355,0.004916888526,0.005914777732,0.0002639121821,0.001712950963,0.001530001547,,0.006102401436,0.00602810189,0.01097975641,0.010340452,,,,,,,,,,,,,,,,
HXB3,Sůl,1,HXB3-S-Skin-1,253.400,47.763,20.229,0.576,0.435,131000.000,172000.000,124000.000,57.046,74.901,53.998,1.609,1.916,2.349,0.080,0.095,0.116,0.0853050099,0.06957586557,0.1548808755,57.6466205,0.2014125222,0.1642746491,0.3656871713,0.211,,,,,,,,,,,,,,,,
,Sůl,2,HXB3-S-Skin-2,247.800,44.544,18.502,0.585,0.508,87200.000,147000.000,99400.000,44.324,74.720,50.525,1.250,1.911,2.198,0.068,0.103,0.119,0.08439204123,0.07338541598,0.1577774572,58.46313115,0.2031738154,0.1766753682,0.3798491835,0.222,,,,,,,,,,,,,,,,
,Sůl,3,HXB3-S-Skin-3,301.100,56.737,23.392,0.588,0.604,111000.000,148000.000,103000.000,67.041,89.389,62.210,1.891,2.286,2.706,0.081,0.098,0.116,0.08115186661,0.06856465939,0.149716526,58.77052754,0.1968297477,0.1663001132,0.3631298609,0.213,,,,,,,,,,,,,,,,
,,,,267.433,49.681,20.708,0.583,0.516,109733.333,155666.667,108800.000,56.137,79.670,55.578,1.583,2.038,2.417,0.076,0.099,0.117,0.08361630591,0.07050864698,0.1541249529,58.29342639,0.2004720284,0.1690833768,0.3695554053,0.215,,,,,,,,,,,,,,,,
,,,,17.02926065,3.673629324,1.441819602,0.003377058983,0.04913480193,12748.52102,8229.020832,7724.466828,6.61981483,4.89372584,3.488532039,0.1867224451,0.1251646706,0.1517426006,0.004252454083,0.002532931622,0.0009777821701,0.001268917659,0.001477989358,0.002374002964,,0.001904031609,0.003867672227,0.005235992499,0.00342870744,,,,,,,,,,,,,,,,
,Voda,4,HXB3-W-Skin-4,273.200,53.973,22.316,0.587,0.494,126000.000,176000.000,124000.000,62.200,86.883,61.213,1.754,2.222,2.663,0.079,0.100,0.119,0.08410773642,0.0701946877,0.1543024241,58.65329072,0.2034206298,0.1697709175,0.3731915473,0.219,,,,,,,,,,,,,,,,
,Voda,5,HXB3-W-Skin-5,263.800,50.735,20.620,0.594,0.635,71400.000,118000.000,83100.000,45.328,74.912,52.756,1.279,1.916,2.295,0.062,0.093,0.111,0.07619971669,0.06362263599,0.1398223527,59.35723165,0.1874865315,0.1565410984,0.3440276299,0.204,,,,,,,,,,,,,,,,
,Voda,6,HXB3-W-Skin-6,285.700,54.598,23.222,0.575,0.501,135000.000,180000.000,126000.000,67.672,90.230,63.161,1.909,2.308,2.747,0.082,0.099,0.118,0.08756304474,0.0735529563,0.161116001,57.46658372,0.205868826,0.1729298108,0.3787986367,0.218,,,,,,,,,,,,,,,,
,,,,274.233,53.102,22.053,0.585,0.543,110800.000,158000.000,111033.333,58.400,84.008,59.043,1.647,2.149,2.568,0.074,0.097,0.116,0.08262349928,0.06912342666,0.1517469259,58.49236869,0.1989253291,0.1664139422,0.3653392713,0.214,,,,,,,,,,,,,,,,
,,,,6.387503998,1.205510125,0.7679722554,0.00555547314,0.04616926249,20009.80019,20173.66462,14076.53274,6.771288864,4.682073888,3.215884963,0.1909950121,0.1197513418,0.1398831205,0.006264111869,0.002202105337,0.002541991187,0.003386772681,0.002936680542,0.006322331412,,0.005803274595,0.005055112557,0.01085356909,0.004739413101,,,,,,,,,,,,,,,,
HXB18,Sůl,1,HXB18-S-Skin-1,297.900,49.295,18.645,0.622,0.630,112000.000,143000.000,98600.000,70.517,90.035,62.080,1.989,2.303,2.700,0.107,0.124,0.145,0.088102499,0.07513195129,0.1632344503,62.1767625,0.2329321994,0.1986396624,0.4315718618,0.268,,,,,,,,,,,,,,,,
,Sůl,2,HXB18-S-Skin-2,313.100,55.419,21.245,0.617,0.616,130000.000,157000.000,110000.000,80.099,96.735,67.776,2.259,2.474,2.948,0.106,0.116,0.139,0.08626715351,0.07239853096,0.1586656845,61.66453218,0.225032218,0.188855217,0.413887435,0.255,,,,,,,,,,,,,,,,
,Sůl,3,HXB18-S-Skin-3,326.300,57.055,21.663,0.620,0.572,146000.000,164000.000,123000.000,83.513,93.809,70.357,2.356,2.399,3.060,0.109,0.111,0.141,0.08647162942,0.06779375629,0.1542653857,62.03072595,0.2277410659,0.1785489926,0.4062900585,0.252,,,,,,,,,,,,,,,,
,,,,312.433,53.923,20.518,0.620,0.606,129333.333,154666.667,110533.333,78.043,93.526,66.738,2.201,2.392,2.903,0.107,0.117,0.142,0.08694709398,0.07177474618,0.1587218402,61.95734021,0.2285684944,0.1886812907,0.4172497851,0.259,,,,,,,,,,,,,,,,
,,,,8.262635025,2.37833228,0.9508280701,0.001534201707,0.01751850975,9889.419242,6216.672454,7098.104674,3.917307405,1.952825909,2.462293727,0.1104939089,0.04994656825,0.1071037472,0.0007533612441,0.003714028077,0.001771860032,0.0005847788663,0.002156193602,0.002607439519,,0.002333989528,0.005840967515,0.007541830422,0.005025776999,,,,,,,,,,,,,,,,
,Voda,4,HXB18-W-Skin-4,367.500,64.018,24.279,0.621,0.703,144000.000,145000.000,109000.000,101.187,101.889,76.593,2.854,2.606,3.332,0.118,0.107,0.137,0.08383536486,0.06557617508,0.1494115399,62.07555042,0.2210588836,0.1729126614,0.393971545,0.245,,,,,,,,,,,,,,,,
,Voda,5,HXB18-W-Skin-5,346.100,62.279,23.835,0.617,0.583,160000.000,180000.000,128000.000,93.327,104.992,74.661,2.632,2.685,3.248,0.110,0.113,0.136,0.08447401107,0.06984944669,0.1543234578,61.72943508,0.2207284143,0.1825148044,0.4032432186,0.249,,,,,,,,,,,,,,,,
,Voda,6,HXB18-W-Skin-6,340.800,61.317,23.699,0.614,0.666,103000.000,150000.000,99200.000,68.594,99.894,66.063,1.935,2.555,2.874,0.082,0.108,0.121,0.07638776886,0.06791734976,0.1443051186,61.35067923,0.1976432375,0.1757271497,0.3733703872,0.229,,,,,,,,,,,,,,,,
,,,,351.467,62.538,23.937,0.617,0.651,135666.667,158333.333,112066.667,87.702,102.259,72.439,2.474,2.615,3.151,0.103,0.109,0.132,0.08156571493,0.06778099051,0.1493467054,61.71855491,0.2131435118,0.1770515385,0.3901950503,0.241,,,,,,,,,,,,,,,,
,,,,8.218539613,0.7959695903,0.1763283819,0.002107895675,0.03555420288,17092.75958,11005.63633,8513.290387,9.888748664,1.493623182,3.258937236,0.2789279424,0.03820174232,0.1417557889,0.01105709112,0.00171482617,0.005204954347,0.002613713949,0.001244125997,0.002912490843,,0.007805028024,0.002869867313,0.008889703114,0.00606667401,,,,,,,,,,,,,,,,
HXB20,Sůl,1,HXB20-S-Skin-1,310.500,52.552,23.045,0.561,0.528,110000.000,152000.000,99800.000,58.072,80.245,52.687,1.638,2.052,2.292,0.071,0.089,0.099,0.07766812825,0.06955577665,0.1472239049,56.14838697,0.1771157841,0.1586162329,0.335732017,0.189,,,,,,,,,,,,,,,,
,Sůl,2,HXB20-S-Skin-2,310.200,52.517,22.216,0.577,0.652,87700.000,113000.000,77100.000,57.170,73.663,50.260,1.613,1.884,2.186,0.073,0.085,0.098,0.07214748275,0.06217596966,0.1343234524,57.69864303,0.1705559536,0.1469833928,0.3175393463,0.183,,,,,,,,,,,,,,,,
,Sůl,3,HXB20-S-Skin-3,313.200,56.865,24.147,0.575,0.638,113000.000,140000.000,94200.000,72.112,89.343,60.115,2.034,2.285,2.615,0.084,0.095,0.108,0.07991935612,0.06984035331,0.1497597094,57.53696391,0.1882092367,0.1644732919,0.3526825287,0.203,,,,,,,,,,,,,,,,
,,,,311.300,53.978,23.136,0.571,0.606,103566.667,135000.000,90366.667,62.452,81.084,54.354,1.762,2.074,2.364,0.076,0.090,0.102,0.07657832237,0.06719069987,0.1437690222,57.12799797,0.1786269915,0.1566909725,0.335317964,0.192,,,,,,,,,,,,,,,,
,,,,0.9606227699,1.45367263,0.5632609603,0.004954714193,0.03950623327,8036.375634,11613.363,6875.312406,4.871267784,4.577603543,2.98512014,0.1374018843,0.1170793498,0.1298454158,0.004186396774,0.00286482625,0.003156956259,0.002324946247,0.002526287249,0.004812663723,,0.005187871603,0.005175859275,0.01021816833,0.005929825282,,,,,,,,,,,,,,,,
,Voda,4,HXB20-W-Skin-4,307.300,53.023,21.545,0.594,0.539,89200.000,155000.000,110000.000,48.115,83.608,59.335,1.357,2.138,2.581,0.063,0.099,0.120,0.08199087101,0.06793316231,0.1499240333,59.36632433,0.2017805913,0.1671843888,0.36896498,0.219,,,,,,,,,,,,,,,,
,Voda,5,HXB20-W-Skin-5,309.700,55.072,23.219,0.578,0.808,85100.000,107000.000,72800.000,68.774,86.472,58.833,1.940,2.212,2.559,0.084,0.095,0.110,0.08034037995,0.06943262716,0.1497730071,57.83949923,0.1905584101,0.1646864385,0.3552448486,0.205,,,,,,,,,,,,,,,,
,Voda,6,HXB20-W-Skin-6,320.800,59.625,25.881,0.566,0.561,143000.000,169000.000,122000.000,80.245,94.835,68.461,2.263,2.426,2.978,0.087,0.094,0.115,0.08824837429,0.07188046965,0.1601288439,56.59398431,0.2033090872,0.1656002481,0.3689093353,0.209,,,,,,,,,,,,,,,,
,,,,312.600,55.907,23.548,0.579,0.636,105766.667,143666.667,101600.000,65.711,88.305,62.209,1.853,2.259,2.706,0.078,0.096,0.115,0.08352654175,0.06974875304,0.1532752948,57.93326929,0.1985493629,0.1658236918,0.3643730546,0.211,,,,,,,,,,,,,,,,
,,,,4.187257577,1.964621947,1.27122073,0.008072945874,0.08678996251,18784.9488,18905.03628,14914.57558,9.466531822,3.391653224,3.150843904,0.2670186424,0.08674682081,0.1370539937,0.007641201245,0.001660279971,0.00278253346,0.002425387896,0.00115846003,0.003451062797,,0.00404793018,0.0007348120237,0.004596108896,0.004113447258,,,,,,,,,,,,,,,,
BXH8,Sůl,1,BXH8-S-Skin-1,265.900,46.477,19.397,0.583,0.458,269000.000,326000.000,234000.000,123.164,149.261,107.139,3.474,3.818,4.660,0.179,0.197,0.240,0.1720885433,0.1409714022,0.3130599455,58.26645627,0.4123506607,0.3377891969,0.7501398576,0.437,,,,,,,,,,,,,,,,
,Sůl,2,BXH8-S-Skin-2,295.400,53.819,21.884,0.593,0.585,143000.000,203000.000,146000.000,83.587,118.658,85.340,2.358,3.035,3.712,0.108,0.139,0.170,0.1162367744,0.09503072671,0.2112675011,59.33835685,0.2858634462,0.233710985,0.5195744312,0.308,,,,,,,,,,,,,,,,
,Sůl,3,BXH8-S-Skin-3,287.200,52.600,21.691,0.588,0.472,118000.000,138000.000,99900.000,55.744,65.193,47.194,1.572,1.667,2.053,0.072,0.077,0.095,0.06641354865,0.05394455354,0.1203581022,58.76290668,0.1610529339,0.130815606,0.29186854,0.172,,,,,,,,,,,,,,,,
,,,,282.833,50.966,20.990,0.588,0.505,176666.667,222333.333,159966.667,87.498,111.037,79.891,2.468,2.840,3.475,0.120,0.137,0.168,0.1182462888,0.09664889415,0.2148951829,58.78923993,0.286422347,0.2341052626,0.5205276096,0.306,,,,,,,,,,,,,,,,
,,,,8.852941423,2.287575107,0.8044710673,0.003118809686,0.04029748225,47054.72651,55511.33238,39611.77259,19.69732513,24.73801163,17.64051089,0.5555944999,0.6327132287,0.7673190235,0.03158025348,0.03487368397,0.04233849007,0.03073613328,0.0253116189,0.05604774848,,0.07305220678,0.06016706904,0.1332192708,0.07721217236,,,,,,,,,,,,,,,,
,Voda,4,BXH8-W-Skin-4,277.600,49.846,20.394,0.591,0.464,148000.000,170000.000,120000.000,68.598,78.795,55.620,1.935,2.015,2.419,0.095,0.099,0.119,0.08214631589,0.06842787995,0.1505741958,59.0855901,0.2007760007,0.1672464057,0.3680224063,0.217,,,,,,,,,,,,,,,,
,Voda,5,BXH8-W-Skin-5,263.800,46.608,19.780,0.576,0.753,86700.000,96700.000,67600.000,65.307,72.840,50.920,1.842,1.863,2.215,0.093,0.094,0.112,0.08255857186,0.06944152797,0.1520000998,57.56144514,0.1945367182,0.1636283992,0.3581651174,0.206,,,,,,,,,,,,,,,,
,Voda,6,BXH8-W-Skin-6,258.600,46.099,18.594,0.597,0.550,125000.000,143000.000,99500.000,68.692,78.584,54.679,1.938,2.010,2.378,0.104,0.108,0.128,0.08647202309,0.07307450717,0.1595465303,59.6648673,0.2143838815,0.1811683817,0.3955522632,0.236,,,,,,,,,,,,,,,,
,,,,266.667,47.518,19.589,0.588,0.589,119900.000,136566.667,95700.000,67.533,76.740,53.740,1.905,1.963,2.338,0.097,0.100,0.120,0.08372563695,0.07031463836,0.1540402753,58.77063418,0.2032322001,0.1706810622,0.3739132623,0.220,,,,,,,,,,,,,,,,
,,,,5.708737874,1.181524759,0.5319455123,0.00631689223,0.08651458995,18003.83425,21552.94064,15352.25033,1.120888438,1.964658553,1.445910472,0.03161644779,0.05024920657,0.06289356463,0.003461330755,0.004117173092,0.00465288784,0.001387997397,0.001420500955,0.002803232101,,0.005900580218,0.005384122599,0.01126582035,0.00876011988,,,,,,,,,,,,,,,,
HXB2,Sůl,1,HXB2-S-Skin-1,327.100,67.304,28.086,0.583,0.572,137000.000,179000.000,127000.000,78.402,102.438,72.679,2.211,2.620,3.161,0.079,0.093,0.113,0.08060959762,0.06680567891,0.1474152765,58.27050722,0.1931717648,0.160092238,0.3532640028,0.206,,,,,,,,,,,,,,,,
,Sůl,2,HXB2-S-Skin-2,315.500,64.922,27.332,0.579,0.573,117000.000,178000.000,121000.000,66.989,101.915,69.280,1.890,2.607,3.013,0.069,0.095,0.110,0.08016732739,0.06934407445,0.1495114018,57.90039125,0.1904229749,0.1647142967,0.3551372716,0.206,,,,,,,,,,,,,,,,
,Sůl,3,HXB2-S-Skin-3,315.800,61.910,26.025,0.580,0.737,108000.000,132000.000,88800.000,79.559,97.239,65.415,2.244,2.487,2.845,0.086,0.096,0.109,0.07929287591,0.06930625844,0.1485991343,57.96290945,0.1886259845,0.1648693036,0.3534952881,0.205,,,,,,,,,,,,,,,,
,,,,319.467,64.712,27.147,0.580,0.627,120666.667,163000.000,112266.667,74.983,100.531,69.125,2.115,2.571,3.007,0.078,0.095,0.111,0.08002326698,0.06848533727,0.1485086042,58.04460264,0.1907402414,0.1632252794,0.3539655208,0.205,,,,,,,,,,,,,,,,
,,,,3.844396605,1.571641425,0.6061425296,0.001151864226,0.05512994426,8630.017085,15611.30417,11943.5832,4.039120234,1.664421007,2.113125302,0.1139298342,0.04257016308,0.09191577577,0.004982100993,0.0007339265713,0.0009669920195,0.0003895800354,0.0008457847034,0.0006110412857,,0.001331068182,0.001578139613,0.0005937988198,0.0002896828012,,,,,,,,,,,,,,,,
,Voda,4,HXB2-W-Skin-4,286.700,58.848,24.125,0.590,0.545,129000.000,173000.000,132000.000,70.247,94.208,71.881,1.981,2.410,3.127,0.082,0.100,0.130,0.09004679124,0.06939333055,0.1594401218,59.00383813,0.2196468819,0.1692678714,0.3889147533,0.229,,,,,,,,,,,,,,,,
,Voda,5,HXB2-W-Skin-5,307.900,60.479,24.774,0.590,0.523,129000.000,178000.000,142000.000,67.434,93.049,74.230,1.902,2.380,3.229,0.077,0.096,0.130,0.09043125172,0.06665419975,0.1570854515,59.03701413,0.2207633301,0.1627181182,0.3834814482,0.226,,,,,,,,,,,,,,,,
,Voda,6,HXB2-W-Skin-6,335.500,67.357,27.491,0.592,0.606,149000.000,169000.000,135000.000,90.338,102.463,81.849,2.548,2.621,3.560,0.093,0.095,0.130,0.08930648402,0.06573750945,0.1550439935,59.18572156,0.2188118655,0.1610649801,0.3798768456,0.225,,,,,,,,,,,,,,,,
,,,,310.033,62.228,25.463,0.591,0.558,135666.667,173333.333,136333.333,76.006,96.573,75.987,2.144,2.470,3.305,0.084,0.097,0.130,0.08992817566,0.06726167992,0.1571898556,59.07552461,0.2197406925,0.1643503232,0.3840910157,0.227,,,,,,,,,,,,,,,,
,,,,14.2266543,2.625616272,1.038214373,0.0005631644151,0.02519414021,6713.375223,2621.656833,2983.489209,7.261952451,2.984719537,3.029814569,0.2048349618,0.07633885711,0.131789514,0.004706850762,0.001418951023,0.0002630456461,0.0003323770831,0.001105879228,0.001279025001,,0.0005692492485,0.002522205762,0.002645165043,0.00137311766,,,,,,,,,,,,,,,,
HXB15,Sůl,1,HXB15-S-Skin-1,301.400,51.153,21.259,0.584,0.506,127000.000,162000.000,123000.000,64.235,81.937,62.211,1.812,2.096,2.706,0.085,0.099,0.127,0.09052197115,0.07010374581,0.160625717,58.43972774,0.2178088983,0.1686797078,0.3864886061,0.226,,,,,,,,,,,,,,,,
,Sůl,2,HXB15-S-Skin-2,289.500,50.210,21.826,0.565,0.632,105000.000,128000.000,91800.000,66.329,80.858,57.990,1.871,2.068,2.522,0.086,0.095,0.116,0.08886799036,0.0728601341,0.1617281245,56.53104018,0.2044401125,0.1676141651,0.3720542776,0.210,,,,,,,,,,,,,,,,
,Sůl,3,HXB15-S-Skin-3,295.500,51.027,21.090,0.587,0.478,119000.000,168000.000,125000.000,56.850,80.258,59.716,1.604,2.053,2.597,0.076,0.097,0.123,0.08676373222,0.068566947,0.1553306792,58.66986318,0.2099284902,0.1659006049,0.3758290952,0.220,,,,,,,,,,,,,,,,
,,,,295.467,50.797,21.392,0.579,0.538,117000.000,152666.667,113266.667,62.471,81.018,59.972,1.762,2.072,2.609,0.082,0.097,0.122,0.08871789791,0.07051027563,0.1592281735,57.88021037,0.2107258337,0.1673981593,0.378123993,0.219,,,,,,,,,,,,,,,,
,,,,3.459343039,0.2978318977,0.2240604651,0.006825976888,0.04767824664,6474.144608,12541.61991,10824.15956,2.89510498,0.4946204524,1.233879812,0.0816610577,0.01265068948,0.05367075018,0.003171551727,0.001133471208,0.00345491917,0.00109512196,0.001264693755,0.00198839522,,0.003906956238,0.0008151666744,0.004352216091,0.004588007922,,,,,,,,,,,,,,,,
,Voda,4,HXB15-W-Skin-4,260.200,44.370,19.227,0.567,0.382,131000.000,187000.000,134000.000,50.058,71.456,51.204,1.412,1.828,2.227,0.073,0.095,0.116,0.08858458166,0.0726895977,0.1612741794,56.66619606,0.2044237376,0.1677434037,0.3721671413,0.211,,,,,,,,,,,,,,,,
,Voda,5,HXB15-W-Skin-5,276.600,47.405,20.183,0.574,0.449,129000.000,169000.000,125000.000,57.985,75.965,56.187,1.636,1.943,2.444,0.081,0.096,0.121,0.08978207003,0.07137458966,0.1611566597,57.42407691,0.2108752166,0.1676407332,0.3785159498,0.217,,,,,,,,,,,,,,,,
,Voda,6,HXB15-W-Skin-6,269.500,46.020,19.125,0.584,0.457,127000.000,172000.000,122000.000,58.038,78.602,55.753,1.637,2.010,2.425,0.086,0.105,0.127,0.09016739623,0.07474729202,0.1649146882,58.44291285,0.2169723684,0.1798665333,0.3968389017,0.232,,,,,,,,,,,,,,,,
,,,,268.767,45.932,19.512,0.575,0.430,129000.000,176000.000,127000.000,55.360,75.341,54.381,1.562,1.927,2.365,0.080,0.099,0.121,0.0895113493,0.07293715979,0.1624485091,,0.2107571075,0.1717502234,0.382507331,0.220,,,,,,,,,,,,,,,,
,,,,4.781719027,0.8833549705,0.3393256891,0.005183410786,0.02397375144,1162.790698,5606.773698,3630.81279,2.669941389,2.100978261,1.604819856,0.07530995916,0.05373579571,0.06980573368,0.0035722996,0.003194678741,0.003188663267,0.0004798864009,0.0009883285799,0.001242198805,,0.003648342495,0.004086696527,0.007448268575,0.006263006725,,,,,,,,,,,,,,,,